#{"t_start": 1542660579.9796383, "env_id": "BreakoutNoFrameskip-v4"}
r,l,t
3.0,249,5.297607
1.0,175,7.189989
1.0,176,9.236847
1.0,157,10.921343
2.0,184,13.022994
0.0,127,14.45286
3.0,230,17.098816
2.0,191,19.072934
1.0,173,20.846881
0.0,129,22.280945
0.0,127,23.894581
0.0,127,25.333607
1.0,173,27.764359
2.0,224,30.614246
0.0,123,32.070966
4.0,280,35.827541
0.0,129,37.493513
4.0,320,41.656685
0.0,127,43.083934
0.0,129,44.548457
1.0,157,46.339169
0.0,127,48.005451
1.0,157,49.760305
0.0,127,51.242842
0.0,127,52.697438
0.0,125,54.382526
1.0,157,56.186792
0.0,123,57.781021
0.0,125,59.276935
2.0,202,61.582459
0.0,129,63.181396
0.0,129,64.859443
2.0,184,67.114245
1.0,176,69.520267
1.0,171,71.794363
0.0,127,73.213403
2.0,198,75.914577
2.0,206,78.632029
1.0,153,80.330732
0.0,127,81.798789
4.0,299,85.267418
0.0,125,86.980418
2.0,198,89.955224
1.0,178,92.36691
1.0,175,94.681553
0.0,127,96.415951
5.0,352,100.54853
1.0,173,102.80571
1.0,178,104.949466
2.0,226,107.872734
1.0,175,110.216395
2.0,224,112.982017
4.0,315,116.991235
1.0,177,118.97587
0.0,127,120.561423
2.0,185,122.953092
2.0,203,125.373824
0.0,125,126.961214
5.0,308,131.139327
0.0,129,132.591175
4.0,299,136.552422
4.0,303,140.244501
0.0,127,141.891756
0.0,127,143.574927
0.0,125,145.119432
1.0,155,147.288206
0.0,129,149.017786
1.0,176,151.48666
0.0,129,153.002574
3.0,272,156.658836
11.0,478,162.62887
1.0,176,164.863523
1.0,157,166.777584
0.0,127,168.234935
6.0,359,173.096981
0.0,129,174.699857
0.0,129,176.151685
1.0,157,178.195362
0.0,129,179.66991
1.0,155,181.383519
3.0,250,184.773771
0.0,127,186.573336
1.0,173,188.453598
5.0,352,192.131706
0.0,127,193.401277
1.0,173,195.258902
1.0,155,197.322797
2.0,200,199.487205
2.0,188,201.478154
0.0,129,202.874523
0.0,129,204.297075
3.0,270,207.464376
0.0,127,208.873834
1.0,176,210.682117
0.0,127,211.941641
1.0,157,213.527742
1.0,157,215.467448
3.0,270,218.646509
1.0,177,220.623452
0.0,129,222.109425
3.0,252,224.644743
1.0,157,226.429307
1.0,157,228.540327
0.0,127,229.984291
1.0,153,232.187787
1.0,170,234.430344
1.0,173,236.303583
0.0,129,237.721189
1.0,178,239.743644
0.0,129,241.400307
5.0,352,246.185217
2.0,183,248.576934
0.0,129,250.131503
0.0,127,251.587583
0.0,129,253.025424
0.0,125,254.570924
1.0,155,256.354233
1.0,155,258.03544
0.0,125,259.388313
0.0,123,260.758802
2.0,203,262.984683
1.0,175,264.641742
3.0,270,267.895035
0.0,127,269.306217
0.0,129,270.907246
0.0,129,272.671577
2.0,190,274.778592
3.0,234,277.405953
0.0,129,278.909894
0.0,129,280.194073
1.0,175,282.032332
2.0,202,284.274372
0.0,129,286.033917
0.0,129,287.571338
0.0,125,288.997596
0.0,125,290.343092
1.0,174,292.567793
1.0,173,294.731781
0.0,127,296.048495
1.0,173,298.121448
0.0,129,299.626217
0.0,127,301.12898
4.0,299,305.162526
5.0,367,309.397291
1.0,170,311.590484
3.0,250,314.648246
1.0,174,316.658018
3.0,248,319.775916
1.0,155,321.587233
0.0,125,322.965099
0.0,127,324.817432
0.0,129,326.391285
0.0,125,327.825757
5.0,352,332.273687
0.0,127,333.838388
4.0,299,337.774067
0.0,125,339.364107
1.0,173,341.680442
2.0,181,344.077471
3.0,248,347.389162
2.0,200,349.59684
1.0,172,351.570209
0.0,127,352.950241
3.0,234,355.527827
0.0,127,356.959162
4.0,267,360.38937
0.0,129,361.758964
1.0,175,363.700372
0.0,127,365.196495
3.0,232,367.815819
0.0,129,369.038906
0.0,127,370.439309
0.0,125,371.708598
2.0,185,373.8638
2.0,222,376.626806
1.0,153,378.10929
0.0,127,379.645173
1.0,170,381.692047
1.0,173,384.067211
0.0,127,385.696639
0.0,127,387.312155
2.0,224,390.104569
1.0,153,391.655772
1.0,153,393.501442
2.0,201,396.22948
2.0,202,398.625293
0.0,129,400.196184
2.0,185,402.386823
1.0,172,404.579809
2.0,201,407.090886
0.0,127,408.640744
2.0,199,411.153457
1.0,172,413.177428
1.0,159,415.205904
3.0,252,418.457962
2.0,202,420.980996
0.0,125,422.603193
0.0,125,424.405463
9.0,404,429.520992
0.0,129,431.276009
4.0,298,434.485561
3.0,248,437.132589
4.0,245,440.216481
0.0,127,441.528931
1.0,172,443.823192
5.0,346,448.496727
0.0,125,450.005594
0.0,125,451.369086
0.0,129,452.805377
3.0,251,455.936069
3.0,269,458.880229
0.0,127,460.269366
3.0,272,463.234024
2.0,223,465.538643
0.0,125,466.888176
0.0,127,468.637453
0.0,129,470.279233
2.0,202,472.934255
1.0,176,474.966499
1.0,173,476.906859
3.0,249,479.808647
0.0,129,481.447188
0.0,127,482.853699
0.0,129,484.25854
4.0,304,488.326298
0.0,127,489.88054
3.0,270,493.015442
0.0,127,494.503886
0.0,129,495.931461
9.0,419,500.962593
0.0,129,502.386611
3.0,230,505.019818
1.0,172,507.070756
2.0,203,509.594585
0.0,127,511.150741
3.0,248,514.299309
0.0,127,515.564811
0.0,127,517.058197
0.0,123,518.580627
1.0,173,520.733604
0.0,125,522.150086
1.0,157,523.941839
0.0,123,525.329061
1.0,155,527.325463
0.0,129,528.828813
0.0,127,530.200222
2.0,223,532.885101
0.0,125,534.223022
1.0,155,536.108678
0.0,125,537.540254
3.0,251,540.619782
0.0,127,542.131515
0.0,127,543.491388
0.0,127,544.954274
2.0,202,547.515968
1.0,173,549.409136
1.0,171,551.360628
1.0,155,553.45898
1.0,174,555.544494
0.0,129,556.92857
1.0,157,558.990546
0.0,129,560.533494
0.0,127,562.111515
2.0,207,564.542865
1.0,157,566.539519
0.0,127,568.150476
3.0,272,571.201459
4.0,299,574.704167
3.0,219,576.995485
1.0,177,579.045359
2.0,221,581.218581
3.0,271,584.212199
1.0,175,586.29442
0.0,127,587.576976
1.0,155,589.159949
3.0,251,591.999742
2.0,221,594.460779
0.0,127,596.01484
1.0,155,597.736074
2.0,183,599.686972
1.0,178,601.772631
0.0,129,603.049904
2.0,201,605.344023
1.0,155,607.173459
2.0,183,609.373983
0.0,129,610.771623
1.0,169,612.493788
6.0,372,617.184468
3.0,248,620.201228
0.0,129,621.68996
1.0,157,623.466115
5.0,350,627.65551
2.0,201,629.675551
1.0,157,631.311708
2.0,224,633.857052
1.0,155,635.301721
0.0,125,636.500679
0.0,129,637.730378
0.0,125,639.21624
0.0,129,640.801449
1.0,157,642.583769
1.0,176,644.704196
0.0,127,646.171751
0.0,129,647.666393
2.0,182,650.017546
3.0,253,652.976635
0.0,127,654.194111
0.0,127,655.46463
2.0,222,658.201627
1.0,173,660.332277
0.0,129,661.825467
2.0,225,664.489544
0.0,127,665.799778
0.0,129,667.269114
1.0,155,668.996307
1.0,174,671.193504
0.0,125,672.536298
1.0,176,674.395008
2.0,226,677.218434
0.0,127,678.729109
2.0,203,681.273141
1.0,174,683.388886
1.0,175,685.383063
0.0,129,686.848886
0.0,127,688.486779
1.0,175,690.697913
2.0,226,693.499259
1.0,154,695.403964
1.0,157,697.597921
6.0,373,701.830553
1.0,177,703.742422
3.0,248,706.741504
0.0,129,708.214375
1.0,174,710.178825
1.0,174,711.952135
1.0,157,713.384497
0.0,129,714.858124
2.0,201,716.78326
1.0,155,718.398089
0.0,127,719.792448
0.0,129,721.580139
2.0,202,724.090107
1.0,153,726.107829
0.0,129,727.928546
0.0,127,729.427939
2.0,204,731.898476
0.0,127,733.229213
0.0,127,734.855093
0.0,129,736.166001
1.0,172,738.003778
1.0,178,739.855267
3.0,252,742.612998
1.0,172,744.337624
1.0,173,746.562591
1.0,157,748.372797
4.0,276,751.580745
1.0,172,753.526909
0.0,125,754.994232
1.0,153,756.868953
0.0,125,758.211853
0.0,129,759.840759
4.0,276,763.053877
0.0,123,764.540151
0.0,125,766.211656
1.0,175,768.331241
2.0,220,770.876744
4.0,301,774.530773
0.0,129,776.086456
1.0,154,777.814701
1.0,177,779.892442
1.0,178,782.124963
2.0,226,784.872082
0.0,129,786.397856
2.0,201,788.830535
1.0,152,790.526654
2.0,220,793.025631
1.0,155,794.928303
8.0,352,798.902905
4.0,283,802.387929
5.0,328,806.485131
2.0,202,809.064397
1.0,155,811.198548
0.0,127,812.77492
0.0,127,814.455682
1.0,174,816.602892
6.0,381,821.945219
1.0,173,824.166106
3.0,252,827.692233
3.0,255,831.096339
4.0,299,834.865299
1.0,157,836.573836
2.0,188,838.799503
0.0,129,840.152381
6.0,379,844.696925
0.0,125,846.145969
0.0,125,847.56007
4.0,301,851.32004
5.0,328,855.102574
0.0,129,856.51874
0.0,129,858.079064
1.0,158,859.76423
1.0,155,861.803936
0.0,129,863.629997
0.0,127,865.08175
0.0,129,866.685157
0.0,125,868.075267
3.0,272,871.531122
2.0,207,874.022055
4.0,285,877.569646
0.0,127,878.968071
1.0,151,880.781047
1.0,157,882.75376
2.0,222,885.325205
0.0,127,886.764877
1.0,175,888.717243
1.0,157,890.92963
4.0,298,894.63368
0.0,127,895.957344
1.0,155,897.840366
2.0,200,900.275553
0.0,129,901.807635
0.0,129,903.409458
3.0,216,905.889447
2.0,185,908.3942
6.0,360,912.780291
1.0,171,914.870921
0.0,129,916.565876
1.0,173,918.275949
1.0,173,920.218742
0.0,129,921.361065
1.0,157,923.161829
3.0,236,925.834342
0.0,127,927.162852
2.0,186,929.32202
1.0,153,930.921303
3.0,251,933.382297
0.0,129,934.775189
0.0,127,936.021175
3.0,228,938.522501
2.0,200,940.737395
0.0,127,941.997912
3.0,250,944.727096
2.0,202,947.049412
1.0,173,949.051183
1.0,153,951.004819
4.0,295,954.49278
0.0,127,955.948863
10.0,433,961.054008
0.0,127,962.532832
3.0,248,966.013274
3.0,247,969.010996
0.0,127,970.652551
1.0,172,972.712873
1.0,175,974.627712
1.0,175,976.767072
1.0,155,978.801265
1.0,173,980.901019
1.0,175,983.134759
2.0,200,985.344437
0.0,127,986.761652
0.0,127,988.275001
0.0,127,989.671391
0.0,127,991.54478
2.0,224,994.142048
1.0,172,996.088841
0.0,127,997.64744
0.0,125,998.921179
3.0,250,1001.883635
2.0,198,1004.559597
0.0,129,1006.08485
0.0,127,1007.477317
5.0,352,1011.830392
0.0,129,1013.143197
1.0,178,1015.132254
0.0,129,1016.593341
0.0,129,1018.02137
1.0,173,1019.985712
0.0,127,1021.409395
2.0,222,1024.23576
1.0,155,1025.917053
2.0,223,1028.85442
2.0,223,1031.841902
1.0,178,1033.889763
1.0,155,1035.667746
2.0,200,1037.828413
0.0,129,1039.170653
0.0,125,1040.698189
1.0,157,1042.703406
2.0,204,1044.911486
3.0,272,1048.236223
0.0,127,1050.116413
2.0,201,1052.376317
2.0,201,1054.798064
2.0,203,1057.527303
2.0,199,1060.26117
1.0,155,1062.025223
2.0,220,1065.008743
0.0,125,1066.430574
2.0,201,1068.781583
0.0,123,1070.386554
0.0,127,1071.69141
1.0,155,1073.40232
2.0,202,1075.851324
0.0,127,1077.279372
1.0,171,1079.324756
0.0,127,1080.769178
0.0,129,1082.600559
0.0,127,1084.186908
2.0,200,1086.633009
9.0,398,1091.984746
3.0,248,1095.176031
2.0,187,1097.829235
0.0,129,1099.48168
2.0,221,1102.047904
2.0,220,1104.747971
1.0,175,1106.52594
4.0,301,1110.374075
2.0,222,1112.776337
1.0,157,1114.271738
4.0,298,1117.635108
0.0,127,1119.1756
3.0,250,1122.454311
0.0,129,1123.906272
0.0,129,1125.630418
2.0,201,1128.235324
3.0,250,1131.559068
2.0,202,1133.92444
0.0,127,1135.553752
0.0,129,1136.936568
3.0,235,1139.847537
2.0,222,1142.936162
3.0,230,1145.528657
3.0,270,1148.932722
0.0,127,1150.260096
1.0,176,1152.249792
2.0,222,1154.736082
0.0,127,1156.100167
2.0,206,1158.268484
1.0,158,1160.04658
1.0,157,1161.808078
2.0,202,1163.885185
2.0,222,1166.648109
1.0,153,1168.520927
0.0,129,1169.876654
2.0,184,1171.73593
1.0,172,1173.778377
0.0,125,1175.009588
3.0,234,1177.507849
0.0,127,1179.068877
4.0,321,1182.944001
0.0,129,1184.489075
1.0,153,1186.491918
4.0,302,1189.942963
3.0,270,1193.060965
0.0,127,1194.368335
5.0,328,1197.986621
5.0,349,1202.023926
3.0,248,1204.852001
0.0,129,1206.099773
2.0,182,1207.791593
0.0,127,1209.231847
3.0,246,1212.068177
0.0,129,1213.791403
0.0,127,1215.152582
4.0,318,1218.788397
1.0,157,1220.543812
6.0,360,1224.808186
4.0,302,1228.495948
1.0,155,1230.270496
0.0,127,1231.468116
0.0,127,1232.738595
0.0,123,1234.150636
1.0,170,1236.063717
0.0,127,1237.453558
1.0,155,1239.214471
0.0,129,1240.928596
1.0,178,1242.972221
0.0,129,1244.39421
0.0,125,1245.823092
2.0,204,1248.216626
1.0,155,1249.793599
0.0,127,1250.945341
5.0,329,1254.899301
0.0,125,1256.257472
0.0,129,1257.653414
1.0,171,1259.743745
8.0,353,1263.988037
0.0,129,1265.563918
1.0,155,1267.309892
1.0,174,1269.212413
0.0,123,1270.670533
5.0,328,1274.649114
0.0,125,1276.086661
0.0,129,1277.757745
1.0,155,1279.85749
2.0,200,1282.315463
2.0,202,1284.699981
0.0,125,1286.030602
1.0,173,1288.212489
3.0,257,1291.423258
0.0,127,1293.090887
4.0,299,1296.600801
0.0,129,1298.297547
2.0,202,1300.913276
4.0,301,1304.649885
0.0,125,1305.94518
1.0,157,1307.536814
0.0,125,1308.811542
0.0,129,1310.577044
0.0,127,1312.108421
3.0,248,1315.223376
0.0,125,1316.624806
1.0,177,1318.77153
0.0,127,1320.059115
0.0,127,1321.362191
0.0,129,1322.699502
2.0,223,1325.544831
4.0,280,1329.017119
1.0,176,1331.195335
3.0,270,1334.413778
2.0,183,1336.580248
2.0,203,1338.643033
1.0,175,1340.374085
0.0,127,1341.703903
1.0,177,1344.006876
0.0,129,1345.478037
2.0,186,1347.721719
0.0,127,1349.33506
1.0,174,1351.097683
0.0,127,1352.431453
3.0,249,1355.208074
0.0,127,1356.489885
2.0,223,1358.69974
0.0,127,1360.115725
0.0,127,1361.458675
7.0,322,1365.004879
3.0,248,1367.905854
1.0,173,1370.041988
4.0,319,1374.428337
0.0,129,1376.073843
0.0,129,1377.70907
1.0,155,1379.514803
2.0,224,1382.222505
3.0,248,1384.996282
0.0,127,1386.610091
2.0,185,1388.745277
0.0,127,1390.228355
0.0,125,1391.889063
0.0,129,1393.556893
0.0,129,1395.227875
1.0,155,1397.00322
1.0,176,1399.064626
4.0,317,1402.524705
0.0,127,1403.968039
1.0,155,1405.820207
0.0,125,1407.339562
0.0,125,1408.886072
3.0,233,1411.43234
7.0,404,1416.093499
4.0,289,1419.402216
6.0,360,1423.225489
1.0,173,1425.13797
2.0,186,1427.655185
0.0,127,1429.322278
0.0,123,1430.834681
1.0,155,1432.655738
0.0,129,1434.176707
0.0,129,1435.642302
5.0,350,1439.776505
0.0,127,1441.149675
5.0,366,1445.406681
1.0,173,1447.272466
3.0,246,1450.560594
0.0,127,1452.110297
0.0,129,1453.642857
3.0,234,1456.706581
0.0,127,1458.14164
2.0,222,1460.704382
4.0,282,1464.147573
3.0,212,1466.47064
0.0,129,1468.013793
0.0,129,1469.634169
2.0,203,1471.762261
3.0,223,1474.243923
1.0,155,1476.24287
9.0,407,1481.126274
1.0,157,1483.087152
2.0,200,1485.425744
3.0,228,1488.43622
1.0,172,1490.337704
2.0,200,1492.480759
1.0,155,1494.154598
1.0,155,1495.792826
4.0,321,1499.25001
1.0,171,1501.285508
0.0,125,1502.404872
1.0,173,1504.443355
0.0,129,1506.027989
3.0,272,1509.357657
0.0,129,1510.823498
0.0,127,1512.419087
2.0,202,1514.555355
0.0,129,1516.080975
4.0,300,1519.828425
0.0,129,1520.981538
2.0,223,1523.743618
2.0,198,1526.517616
3.0,272,1530.05186
0.0,129,1531.825473
0.0,129,1533.606574
0.0,129,1535.007942
4.0,280,1538.408295
2.0,202,1540.989615
3.0,275,1544.217264
2.0,184,1546.450836
1.0,157,1548.181886
3.0,248,1551.489101
0.0,127,1553.37089
6.0,400,1558.383229
4.0,299,1562.02862
0.0,129,1563.364325
11.0,481,1569.217023
2.0,201,1572.082566
0.0,129,1573.656296
0.0,129,1575.156419
1.0,173,1577.145579
0.0,127,1578.760557
4.0,297,1582.161662
0.0,129,1583.565425
5.0,330,1587.846266
0.0,129,1589.485488
4.0,299,1593.517469
5.0,374,1598.589552
0.0,127,1600.33089
1.0,175,1602.557406
0.0,129,1604.103979
1.0,173,1606.338483
0.0,125,1607.92766
0.0,127,1609.748481
0.0,127,1611.544766
0.0,127,1613.042331
0.0,129,1615.044385
5.0,324,1619.27021
2.0,218,1622.320099
1.0,153,1624.187536
1.0,155,1626.268475
1.0,155,1628.410959
2.0,202,1631.272553
0.0,127,1632.885283
3.0,252,1636.380409
0.0,127,1637.800184
3.0,270,1641.404253
2.0,187,1643.829513
0.0,129,1645.328272
5.0,351,1650.163231
3.0,252,1653.150888
0.0,129,1654.51185
1.0,155,1656.544284
0.0,127,1658.126642
0.0,127,1659.693946
0.0,127,1661.344695
0.0,129,1663.157332
2.0,206,1665.909342
0.0,127,1667.552766
2.0,185,1670.008217
1.0,155,1672.030465
2.0,200,1674.550619
2.0,202,1677.186685
3.0,271,1680.204421
3.0,267,1683.361748
0.0,127,1684.819882
0.0,127,1686.392064
0.0,129,1687.932302
4.0,303,1691.962138
1.0,157,1693.757962
2.0,204,1696.060333
1.0,171,1698.354201
1.0,175,1700.473358
6.0,382,1705.484636
3.0,250,1708.29106
2.0,185,1710.671192
3.0,248,1713.98308
0.0,125,1715.599864
0.0,125,1717.378848
4.0,280,1720.442702
1.0,153,1722.343721
0.0,129,1723.952766
0.0,127,1725.605495
0.0,127,1727.066287
3.0,233,1730.127088
1.0,171,1732.211311
2.0,188,1734.570001
2.0,199,1737.193196
2.0,200,1739.550804
0.0,127,1740.930243
2.0,223,1743.701898
0.0,127,1745.206149
1.0,173,1747.123329
4.0,299,1751.225992
2.0,200,1753.75031
3.0,271,1757.383206
0.0,129,1758.822704
2.0,220,1761.106953
5.0,355,1765.331995
4.0,298,1769.004654
4.0,304,1772.888748
1.0,173,1775.01326
2.0,184,1777.194886
0.0,127,1778.61263
4.0,301,1782.056663
0.0,127,1783.47047
3.0,250,1786.375444
0.0,127,1787.852323
0.0,127,1789.481422
2.0,204,1791.93458
1.0,157,1793.781078
4.0,321,1797.788067
0.0,125,1799.276686
1.0,176,1801.1631
0.0,129,1802.892076
0.0,127,1804.361118
1.0,155,1806.168969
3.0,250,1809.325531
0.0,127,1810.772001
1.0,172,1812.937203
1.0,173,1815.243875
4.0,321,1818.795396
1.0,153,1820.408291
4.0,301,1824.24626
0.0,127,1825.830117
2.0,186,1828.327152
5.0,313,1832.110014
1.0,173,1834.00902
0.0,127,1835.620007
0.0,129,1837.071578
3.0,272,1840.531552
0.0,129,1842.285469
3.0,229,1845.154567
2.0,205,1847.652963
2.0,185,1850.381259
0.0,129,1851.873275
4.0,244,1855.017797
3.0,248,1857.904968
0.0,125,1859.264166
2.0,221,1862.504831
8.0,354,1867.321591
1.0,175,1869.448481
0.0,129,1871.036622
0.0,129,1872.504292
3.0,234,1875.587811
2.0,202,1878.001349
4.0,301,1881.877527
2.0,225,1884.422038
0.0,127,1885.702622
2.0,183,1887.559067
2.0,192,1889.663441
0.0,129,1890.869701
0.0,125,1892.131205
0.0,129,1893.498857
0.0,127,1894.724005
5.0,333,1898.09434
2.0,203,1900.543895
0.0,127,1901.914244
3.0,268,1905.114575
1.0,177,1907.207462
3.0,232,1909.871042
0.0,129,1911.177772
3.0,255,1914.406226
1.0,172,1916.169715
0.0,129,1917.58099
2.0,204,1920.069345
2.0,199,1922.253503
0.0,125,1923.504666
2.0,183,1925.865988
0.0,125,1927.444961
0.0,127,1928.947459
2.0,185,1931.552306
0.0,129,1933.102803
4.0,281,1936.915589
2.0,220,1939.711707
1.0,171,1941.462672
1.0,155,1943.184199
3.0,270,1946.161145
3.0,250,1948.882733
0.0,129,1950.401191
3.0,269,1953.589093
0.0,129,1955.001511
1.0,155,1956.863585
1.0,175,1958.765371
1.0,157,1960.278202
2.0,206,1962.665945
2.0,207,1964.958432
2.0,203,1967.369386
0.0,127,1968.857275
6.0,218,1971.284772
2.0,199,1973.589097
2.0,202,1976.183174
2.0,204,1978.506368
5.0,318,1982.567779
0.0,129,1984.062506
0.0,129,1985.507086
2.0,205,1988.023366
1.0,178,1989.924019
2.0,224,1992.256929
1.0,173,1994.438477
4.0,301,1997.786608
1.0,178,2000.052809
3.0,235,2002.970462
3.0,271,2006.425843
0.0,125,2008.079087
0.0,129,2009.837598
2.0,221,2012.620354
1.0,153,2014.468124
0.0,129,2015.70687
3.0,230,2018.529899
2.0,221,2021.317711
1.0,173,2023.179406
0.0,129,2024.452533
0.0,129,2025.828001
4.0,297,2029.555505
5.0,329,2033.670085
4.0,278,2036.97405
0.0,125,2038.438138
2.0,203,2040.911505
2.0,200,2043.123507
3.0,215,2045.826702
0.0,129,2047.330759
3.0,252,2050.493315
2.0,185,2052.691163
1.0,177,2054.597486
0.0,127,2055.877426
1.0,175,2057.899019
0.0,127,2059.431249
3.0,226,2061.991289
1.0,173,2064.167857
3.0,270,2067.4323
1.0,173,2069.524797
4.0,301,2073.396178
0.0,123,2074.830509
3.0,251,2078.155782
0.0,127,2079.653463
2.0,202,2082.16138
1.0,153,2084.122489
2.0,224,2087.308028
3.0,274,2090.763159
0.0,125,2092.601947
0.0,129,2094.119698
0.0,127,2095.690192
0.0,125,2097.088556
2.0,202,2099.603127
0.0,127,2101.022394
0.0,129,2102.557147
0.0,127,2104.028617
1.0,178,2106.357401
4.0,316,2110.657209
5.0,326,2114.726057
1.0,153,2116.212393
1.0,156,2117.945113
8.0,373,2122.35096
3.0,234,2125.178683
0.0,125,2126.672884
2.0,205,2129.140789
0.0,129,2130.451407
2.0,222,2133.210062
0.0,129,2134.736914
4.0,300,2138.500806
4.0,264,2141.483073
2.0,198,2143.96781
1.0,178,2146.146281
1.0,175,2148.300584
3.0,256,2151.409177
0.0,129,2152.781396
1.0,172,2154.966172
2.0,201,2157.547024
2.0,200,2160.165621
0.0,127,2161.634132
0.0,127,2162.835706
0.0,129,2164.314906
0.0,127,2165.662891
0.0,127,2166.937789
2.0,198,2169.499264
1.0,171,2171.859842
2.0,222,2174.355888
0.0,125,2175.917186
1.0,173,2177.996799
0.0,129,2179.678682
0.0,125,2181.115126
1.0,170,2183.290645
1.0,173,2185.227886
1.0,173,2187.110363
0.0,129,2188.497706
9.0,399,2193.519166
0.0,127,2195.063514
0.0,129,2196.808537
0.0,127,2198.216131
4.0,297,2201.91256
0.0,129,2203.634459
0.0,123,2205.109953
0.0,127,2206.710569
1.0,175,2208.765825
0.0,127,2210.118405
3.0,250,2212.901968
3.0,251,2215.735791
0.0,129,2217.00138
0.0,129,2218.190877
0.0,125,2219.446626
6.0,397,2223.669764
1.0,157,2225.304883
3.0,232,2228.199407
1.0,157,2229.996259
2.0,200,2232.50918
0.0,129,2234.274186
5.0,350,2238.401647
8.0,343,2242.928559
2.0,219,2245.640766
2.0,220,2248.142267
1.0,157,2250.245555
0.0,127,2251.509023
0.0,129,2253.130935
0.0,125,2254.549753
0.0,125,2256.044012
0.0,129,2257.567868
1.0,155,2259.245241
2.0,220,2262.026484
0.0,129,2263.600138
0.0,127,2265.145698
3.0,252,2268.532897
4.0,280,2272.020307
0.0,129,2273.84345
1.0,157,2275.514319
3.0,250,2278.307064
1.0,176,2280.18719
0.0,125,2281.45771
5.0,352,2285.631993
3.0,232,2288.113461
3.0,251,2290.721293
4.0,265,2293.748323
9.0,423,2298.390755
0.0,129,2299.863733
0.0,127,2301.30079
0.0,125,2302.717255
0.0,127,2304.285225
1.0,177,2306.276095
4.0,277,2309.541276
1.0,169,2311.326553
0.0,123,2312.527104
0.0,127,2313.827625
1.0,175,2315.92616
0.0,127,2317.252065
3.0,248,2319.731625
0.0,125,2321.310564
1.0,155,2323.003404
1.0,173,2324.923467
0.0,127,2326.3776
1.0,173,2328.476418
0.0,127,2329.822759
1.0,156,2331.52182
1.0,157,2333.066983
6.0,377,2337.277802
0.0,125,2338.560924
0.0,127,2340.135258
1.0,173,2342.022965
0.0,125,2343.245853
0.0,127,2344.531079
4.0,265,2347.350221
0.0,129,2348.830531
10.0,443,2353.616444
0.0,127,2355.005094
0.0,127,2356.265722
1.0,171,2358.057729
2.0,204,2360.026037
0.0,125,2361.261636
1.0,175,2363.193938
0.0,129,2364.565812
1.0,173,2366.75478
1.0,175,2369.083564
2.0,224,2371.832297
3.0,272,2375.175309
0.0,129,2376.518928
3.0,271,2379.744052
1.0,153,2381.664346
2.0,202,2383.736076
5.0,330,2387.98037
0.0,127,2389.263158
1.0,175,2391.036905
3.0,248,2394.324281
0.0,125,2395.942311
0.0,129,2397.489798
2.0,181,2399.858195
1.0,172,2402.171714
0.0,129,2403.761767
3.0,226,2406.733805
0.0,127,2408.400493
0.0,129,2409.945157
3.0,230,2413.022854
0.0,127,2414.42702
1.0,173,2416.455503
2.0,223,2418.77635
1.0,157,2420.408648
5.0,326,2424.099079
2.0,202,2426.358399
3.0,230,2429.049491
1.0,155,2430.839236
2.0,204,2433.263525
0.0,127,2434.718066
2.0,202,2437.071995
0.0,125,2438.413022
2.0,226,2441.289738
0.0,127,2442.91407
1.0,156,2444.933302
2.0,204,2447.579909
1.0,155,2449.250893
1.0,173,2451.308341
0.0,129,2453.072767
0.0,127,2454.507037
2.0,204,2456.617044
5.0,350,2460.411148
2.0,198,2463.084998
3.0,241,2466.362693
3.0,250,2468.968702
3.0,250,2471.700274
2.0,224,2474.30829
4.0,282,2478.02778
0.0,123,2479.600746
4.0,262,2483.069324
3.0,250,2486.472138
2.0,190,2488.822453
2.0,203,2491.38552
1.0,157,2493.375082
0.0,127,2494.874243
2.0,192,2497.231958
4.0,300,2501.036552
3.0,234,2503.838988
4.0,280,2507.42516
0.0,127,2508.891357
0.0,127,2510.32309
0.0,129,2511.982788
3.0,238,2514.72114
0.0,127,2515.893653
0.0,125,2517.116666
7.0,412,2522.482854
0.0,127,2523.813247
5.0,348,2528.063103
1.0,173,2530.049179
1.0,173,2532.118558
1.0,157,2533.86856
0.0,129,2535.527374
3.0,252,2538.653372
4.0,300,2542.238075
1.0,171,2544.558449
0.0,127,2545.739915
0.0,127,2547.025855
5.0,330,2551.04801
3.0,269,2554.436399
0.0,125,2556.090473
3.0,214,2558.953122
1.0,173,2561.076662
3.0,266,2564.463276
1.0,155,2566.309785
1.0,154,2568.203615
3.0,232,2571.067853
0.0,129,2572.336762
0.0,127,2573.521117
2.0,223,2576.063059
1.0,171,2577.745176
1.0,155,2579.380826
2.0,223,2582.338001
3.0,270,2585.756721
0.0,127,2587.281914
1.0,151,2589.247353
1.0,173,2591.333699
0.0,129,2593.066972
0.0,129,2594.591164
0.0,129,2596.399305
2.0,190,2598.934299
1.0,154,2600.761035
0.0,129,2602.310958
0.0,129,2604.047247
1.0,155,2605.917794
2.0,202,2608.427864
0.0,129,2610.046727
0.0,127,2611.513794
2.0,225,2613.902876
0.0,129,2615.764833
2.0,224,2618.748766
6.0,379,2623.681387
3.0,250,2627.056631
0.0,129,2628.734134
2.0,221,2631.480033
5.0,348,2635.032517
2.0,185,2637.316184
1.0,178,2639.340866
2.0,204,2641.307882
0.0,129,2642.799091
3.0,221,2645.718299
0.0,125,2647.539425
2.0,202,2650.302616
4.0,319,2654.348763
1.0,171,2656.567738
1.0,174,2658.726559
5.0,352,2663.688783
1.0,157,2665.687993
4.0,263,2669.080107
3.0,252,2671.808101
1.0,172,2673.645505
0.0,123,2674.939989
0.0,123,2676.46944
4.0,301,2679.789396
1.0,173,2681.873764
0.0,125,2683.402697
2.0,221,2686.132583
2.0,200,2688.704355
1.0,155,2690.90042
2.0,202,2693.336907
0.0,127,2694.830102
0.0,127,2696.520205
0.0,127,2698.216236
0.0,129,2699.681463
0.0,129,2701.023979
1.0,155,2702.937766
0.0,127,2704.420617
2.0,200,2706.987226
0.0,129,2708.522347
2.0,220,2711.498463
0.0,127,2712.956449
1.0,172,2714.88122
2.0,200,2717.433881
2.0,186,2719.780964
1.0,155,2721.656996
4.0,321,2726.064858
4.0,298,2729.982505
1.0,153,2731.935106
2.0,208,2734.139639
0.0,129,2735.508343
3.0,270,2738.578594
0.0,129,2739.957047
2.0,221,2742.512342
0.0,129,2744.183693
0.0,129,2745.663331
2.0,224,2748.480976
4.0,326,2752.595724
0.0,127,2753.918116
2.0,206,2756.478897
0.0,127,2757.798195
3.0,250,2760.384645
1.0,177,2762.774136
0.0,125,2764.254179
0.0,125,2765.681172
0.0,127,2767.264981
0.0,129,2768.971663
2.0,202,2771.638687
0.0,123,2773.14308
5.0,344,2777.301604
5.0,348,2782.107778
4.0,301,2786.023542
0.0,129,2787.57007
2.0,204,2790.317987
1.0,173,2792.373873
1.0,157,2794.413588
0.0,127,2796.066809
3.0,273,2799.390131
1.0,173,2801.270422
0.0,127,2802.712642
5.0,344,2806.522597
1.0,173,2808.616646
2.0,229,2811.362402
0.0,129,2812.874924
0.0,129,2814.249318
0.0,129,2815.65943
0.0,129,2816.814319
1.0,170,2818.669651
3.0,248,2821.762996
0.0,129,2823.276132
1.0,178,2825.531827
2.0,203,2828.165601
0.0,127,2829.667361
5.0,348,2834.184424
2.0,222,2836.828068
1.0,155,2838.40902
1.0,155,2840.174635
0.0,127,2841.671981
0.0,127,2843.083479
2.0,222,2845.72278
1.0,173,2848.171459
7.0,326,2852.114677
1.0,153,2854.160978
1.0,175,2856.279065
0.0,129,2857.838089
0.0,127,2859.311948
1.0,173,2861.720293
1.0,157,2863.643409
6.0,357,2868.527501
4.0,297,2872.381228
2.0,220,2874.942536
1.0,154,2876.596569
1.0,178,2878.545142
1.0,173,2880.839726
3.0,250,2883.997763
4.0,288,2887.545105
2.0,200,2889.794608
1.0,155,2891.638618
1.0,157,2893.642397
1.0,178,2895.646744
0.0,127,2896.955074
4.0,261,2899.937278
5.0,306,2903.212541
0.0,127,2904.80056
3.0,267,2908.105157
1.0,171,2910.37984
5.0,329,2914.977563
0.0,129,2916.530048
0.0,127,2917.986998
2.0,202,2920.560529
0.0,129,2922.143138
0.0,129,2923.713546
3.0,233,2926.790132
0.0,127,2928.169518
4.0,263,2930.981174
0.0,127,2932.364976
1.0,154,2933.872075
1.0,177,2935.742487
5.0,352,2939.531734
4.0,298,2943.004718
2.0,198,2945.18802
9.0,401,2950.382719
1.0,174,2952.443792
0.0,129,2953.751273
1.0,157,2955.494089
2.0,202,2958.113053
3.0,274,2961.600691
0.0,127,2963.131214
0.0,127,2964.867172
2.0,188,2967.521614
4.0,301,2971.632398
1.0,155,2973.840839
2.0,218,2976.862274
0.0,129,2978.746011
1.0,153,2980.483881
2.0,207,2982.921981
2.0,198,2985.909727
4.0,318,2990.229728
0.0,125,2991.572074
2.0,186,2994.090775
0.0,127,2995.642572
0.0,125,2997.133968
2.0,205,2999.323515
1.0,155,3001.253344
0.0,129,3002.756776
2.0,199,3005.136833
3.0,267,3008.400058
3.0,250,3011.351562
4.0,301,3015.06055
2.0,221,3017.777877
3.0,274,3021.247472
2.0,201,3023.404078
0.0,129,3024.777956
4.0,321,3028.658909
2.0,202,3031.368872
1.0,173,3033.359305
2.0,186,3035.598031
2.0,202,3037.91219
3.0,270,3040.842701
0.0,125,3042.344662
3.0,249,3045.69168
3.0,249,3048.811421
1.0,155,3050.947875
1.0,155,3052.741978
1.0,176,3054.906918
0.0,125,3056.250463
0.0,123,3057.747864
3.0,230,3060.480764
2.0,182,3062.593805
5.0,294,3066.447679
0.0,127,3067.883484
1.0,173,3069.640571
2.0,222,3072.109778
3.0,250,3074.739065
0.0,127,3076.156269
0.0,123,3077.274719
0.0,129,3078.628809
0.0,127,3079.913229
2.0,222,3082.621081
1.0,157,3084.150661
2.0,198,3086.313679
1.0,155,3088.251757
1.0,153,3090.062646
0.0,129,3091.614402
4.0,301,3095.134789
0.0,127,3096.464265
5.0,340,3100.326391
2.0,185,3102.425553
0.0,127,3103.697438
3.0,272,3106.653967
3.0,233,3109.527664
0.0,129,3111.152462
0.0,127,3112.718418
0.0,129,3114.169193
2.0,226,3117.07247
0.0,129,3118.638785
0.0,129,3120.478533
0.0,129,3121.889331
2.0,225,3124.506856
1.0,155,3126.521039
1.0,155,3128.164327
8.0,357,3132.961353
2.0,221,3135.463607
2.0,203,3137.635615
0.0,125,3139.100096
1.0,171,3140.955649
0.0,129,3142.409422
3.0,248,3145.708898
0.0,125,3147.111597
3.0,271,3149.856885
1.0,171,3151.648389
2.0,202,3153.871543
0.0,127,3155.211536
1.0,173,3157.66955
0.0,127,3159.145526
4.0,282,3162.233939
1.0,157,3164.071272
1.0,171,3166.167803
0.0,129,3167.813462
2.0,202,3170.176659
7.0,449,3175.610874
4.0,280,3179.28387
1.0,173,3181.285269
0.0,127,3182.772814
1.0,157,3184.717957
0.0,127,3186.358723
2.0,200,3188.651772
2.0,225,3191.532481
2.0,202,3193.914021
0.0,129,3195.409274
4.0,301,3199.455269
0.0,127,3200.837103
0.0,125,3202.306506
0.0,127,3203.838339
3.0,250,3206.756304
1.0,159,3208.635082
0.0,127,3210.216662
5.0,351,3214.392604
2.0,203,3216.861999
2.0,204,3219.423625
1.0,173,3221.362921
3.0,231,3224.371215
0.0,127,3225.938515
3.0,231,3228.723917
5.0,331,3232.969072
1.0,174,3235.011594
1.0,173,3237.079681
2.0,203,3239.271572
2.0,200,3241.42658
3.0,272,3244.953539
1.0,155,3246.745683
0.0,129,3248.391047
0.0,127,3249.62697
0.0,127,3251.018934
5.0,349,3255.521846
0.0,125,3256.992939
0.0,125,3258.449937
0.0,129,3259.853736
6.0,349,3264.064052
0.0,125,3265.614357
2.0,198,3268.234437
6.0,315,3272.184656
0.0,129,3273.745589
0.0,129,3275.316996
1.0,169,3277.19785
0.0,129,3278.696953
2.0,202,3281.285188
2.0,202,3283.678734
0.0,127,3285.319041
1.0,155,3287.27262
2.0,202,3289.757355
0.0,123,3291.18795
0.0,129,3292.62145
1.0,173,3294.701466
2.0,226,3297.020154
0.0,129,3298.262158
0.0,129,3299.628179
1.0,153,3301.334644
5.0,350,3305.502609
3.0,272,3308.773877
0.0,129,3310.194274
2.0,225,3312.981505
1.0,171,3314.900317
3.0,213,3317.337306
0.0,125,3318.78213
1.0,177,3320.962473
0.0,129,3322.365957
1.0,175,3324.417473
2.0,218,3327.355203
0.0,127,3328.814028
1.0,171,3330.802008
0.0,127,3332.58885
3.0,248,3335.714995
3.0,250,3338.991235
1.0,155,3340.849155
1.0,173,3343.092647
2.0,223,3346.237445
0.0,127,3347.704181
0.0,125,3349.097361
0.0,129,3350.553771
0.0,125,3351.856764
0.0,129,3353.378118
0.0,129,3354.820878
0.0,129,3356.322647
2.0,186,3358.259759
2.0,202,3360.487862
0.0,127,3361.691047
3.0,248,3364.3215
2.0,221,3367.130689
0.0,129,3368.864717
1.0,155,3370.709455
0.0,129,3372.557853
0.0,125,3374.001029
0.0,127,3375.572319
0.0,125,3376.986285
0.0,129,3378.798291
1.0,155,3380.947642
2.0,205,3383.331959
0.0,129,3384.923086
1.0,177,3387.22489
1.0,157,3389.113112
3.0,230,3392.322278
0.0,127,3393.753906
1.0,157,3395.760633
1.0,153,3397.522827
0.0,127,3399.202336
0.0,129,3400.641491
1.0,173,3402.38252
3.0,269,3405.440985
0.0,127,3406.699285
0.0,129,3408.1629
0.0,127,3409.557758
0.0,129,3410.902396
1.0,156,3412.497469
1.0,174,3414.204588
1.0,173,3416.128294
0.0,129,3417.678683
3.0,228,3420.179208
1.0,156,3421.830485
3.0,251,3424.920295
5.0,354,3429.435724
1.0,175,3431.669699
2.0,202,3434.311952
1.0,157,3436.223097
2.0,186,3438.827651
0.0,127,3440.442112
2.0,224,3443.135887
3.0,272,3446.60128
0.0,129,3448.105926
4.0,325,3452.50074
3.0,230,3455.172991
5.0,345,3459.651944
1.0,173,3461.727123
0.0,125,3463.171504
0.0,125,3464.854093
3.0,253,3468.152503
1.0,173,3470.417784
1.0,173,3472.592335
0.0,129,3474.163388
2.0,223,3476.945428
1.0,155,3479.049872
0.0,129,3480.668077
1.0,173,3482.932028
0.0,129,3484.612128
0.0,127,3486.316957
1.0,155,3488.189243
0.0,125,3489.364666
1.0,169,3491.151432
4.0,282,3494.133561
0.0,125,3495.311557
1.0,157,3497.041534
1.0,157,3498.758903
2.0,222,3501.565209
3.0,233,3504.299458
0.0,129,3505.631559
1.0,173,3507.499548
2.0,188,3510.076847
1.0,176,3512.282353
2.0,185,3514.35937
1.0,173,3516.473711
1.0,155,3518.330938
3.0,234,3521.070277
0.0,129,3522.797462
1.0,157,3524.584802
3.0,252,3527.721279
0.0,123,3529.455125
1.0,173,3531.441781
0.0,129,3532.912292
9.0,387,3537.270325
1.0,157,3539.012839
1.0,177,3541.077774
0.0,129,3542.713812
1.0,155,3544.347336
0.0,125,3545.652811
2.0,185,3548.072348
4.0,302,3551.970229
0.0,129,3553.312732
0.0,129,3554.895242
1.0,175,3557.010703
1.0,157,3559.019873
0.0,127,3560.470154
1.0,176,3562.377365
0.0,127,3563.556183
0.0,127,3564.926832
1.0,157,3566.691382
0.0,127,3568.225086
2.0,202,3570.398633
0.0,125,3571.610922
3.0,250,3574.266671
0.0,127,3575.568382
0.0,129,3576.791674
0.0,127,3578.229708
3.0,250,3581.006454
0.0,129,3582.234633
5.0,348,3586.085385
2.0,223,3588.502123
3.0,250,3591.507507
1.0,173,3593.319188
0.0,125,3594.676099
0.0,129,3596.22585
1.0,176,3598.355487
1.0,172,3600.266626
2.0,201,3602.79073
0.0,123,3604.005582
5.0,350,3608.408215
2.0,224,3611.387772
1.0,153,3613.199099
1.0,173,3615.011844
3.0,253,3617.811248
2.0,187,3619.758774
0.0,127,3621.000029
6.0,399,3626.292851
2.0,202,3628.873847
0.0,127,3630.290135
2.0,204,3632.595729
0.0,125,3633.917242
0.0,129,3635.49012
0.0,129,3636.910939
1.0,174,3639.016155
1.0,157,3640.854564
1.0,155,3642.921697
1.0,155,3644.376718
1.0,176,3646.727666
0.0,127,3648.539414
5.0,346,3652.7813
1.0,155,3654.644074
3.0,228,3657.21062
2.0,222,3660.154589
0.0,129,3661.780203
1.0,171,3663.778584
2.0,222,3666.529052
0.0,125,3668.056771
1.0,175,3670.271583
2.0,205,3672.805421
9.0,404,3677.680769
0.0,125,3678.994324
3.0,252,3682.268098
0.0,127,3683.63755
0.0,129,3685.037843
3.0,255,3688.172943
6.0,397,3692.570873
1.0,176,3694.51139
0.0,127,3695.739764
0.0,127,3697.07022
0.0,129,3698.371652
1.0,173,3700.302749
3.0,235,3702.677627
0.0,127,3704.137396
0.0,125,3705.712062
4.0,279,3709.406037
1.0,176,3711.81412
3.0,236,3714.74275
1.0,155,3716.775528
3.0,248,3719.854189
0.0,127,3721.336806
0.0,127,3722.863225
1.0,155,3724.876073
0.0,125,3726.575133
1.0,177,3728.992654
0.0,127,3730.572494
0.0,129,3732.106649
1.0,173,3734.171844
0.0,129,3735.500548
2.0,201,3737.568829
0.0,123,3738.962759
3.0,272,3741.814673
5.0,329,3745.752127
0.0,129,3747.099523
7.0,263,3750.584334
1.0,178,3752.917238
0.0,129,3754.556723
0.0,127,3756.068117
0.0,125,3757.547808
4.0,297,3761.235672
0.0,129,3763.054466
0.0,125,3764.760206
4.0,282,3768.570236
2.0,222,3771.340158
1.0,173,3773.638911
0.0,127,3775.236275
1.0,173,3777.297899
6.0,367,3781.306936
0.0,125,3782.705876
0.0,125,3784.160989
0.0,127,3785.859615
9.0,424,3791.406714
0.0,127,3792.77151
4.0,277,3795.650322
2.0,223,3798.407497
0.0,129,3799.893981
2.0,202,3801.982283
0.0,123,3803.552633
2.0,224,3806.144616
1.0,173,3808.128212
3.0,250,3811.217959
3.0,229,3813.707775
1.0,175,3815.554956
0.0,125,3816.870337
0.0,129,3818.284188
2.0,224,3820.777962
2.0,202,3823.522008
3.0,249,3826.485168
2.0,185,3828.730569
0.0,125,3829.989589
1.0,175,3831.982633
3.0,271,3834.970663
1.0,155,3836.838472
1.0,178,3838.955982
2.0,223,3841.349817
0.0,127,3842.683574
0.0,129,3844.046728
0.0,129,3845.643665
0.0,127,3847.216442
1.0,175,3849.274189
1.0,155,3850.980654
2.0,204,3853.588298
0.0,127,3855.034333
2.0,224,3857.621133
2.0,220,3860.319411
3.0,251,3862.912978
3.0,250,3865.735919
2.0,220,3868.144742
0.0,127,3869.607476
2.0,202,3872.555497
2.0,220,3875.389789
5.0,328,3879.604278
3.0,268,3882.786494
4.0,321,3886.800626
4.0,280,3889.964084
0.0,129,3891.372489
1.0,157,3893.062862
0.0,129,3894.436992
2.0,202,3896.598699
1.0,175,3898.746977
1.0,173,3900.70558
0.0,129,3902.024254
2.0,223,3904.950522
0.0,125,3906.40295
3.0,248,3909.371459
5.0,348,3913.486947
1.0,175,3915.380346
1.0,153,3917.226382
1.0,155,3919.034588
0.0,129,3920.275227
3.0,250,3923.229619
1.0,174,3925.416991
1.0,175,3927.434692
0.0,125,3928.974732
1.0,172,3931.261036
1.0,173,3933.737883
0.0,129,3935.403729
0.0,129,3937.267244
3.0,279,3940.944138
0.0,129,3942.527271
3.0,248,3945.405674
0.0,125,3946.676786
3.0,230,3949.417385
0.0,129,3951.344585
2.0,199,3953.637195
2.0,198,3956.126423
1.0,173,3958.453283
1.0,175,3960.558451
1.0,156,3962.452973
3.0,268,3965.573089
3.0,231,3968.289174
0.0,127,3969.691853
4.0,305,3973.629761
0.0,127,3975.118574
2.0,185,3977.174986
5.0,309,3981.08541
1.0,157,3983.132432
0.0,127,3984.622155
0.0,129,3985.95157
4.0,299,3989.81438
0.0,129,3991.361453
0.0,129,3992.778424
0.0,129,3994.087238
1.0,173,3995.984914
0.0,125,3997.277182
1.0,155,3998.915185
1.0,157,4000.484876
2.0,202,4002.86316
1.0,173,4004.700132
2.0,222,4007.10509
0.0,129,4008.988125
5.0,329,4012.911453
0.0,129,4014.421988
0.0,129,4015.818928
0.0,127,4017.175102
0.0,125,4018.561275
0.0,127,4019.817355
2.0,183,4021.942697
0.0,125,4023.048398
1.0,173,4024.806146
3.0,250,4027.96692
1.0,157,4029.805934
0.0,129,4031.445387
1.0,173,4033.891782
2.0,185,4036.005605
2.0,181,4038.338356
0.0,129,4040.097631
4.0,302,4043.607734
0.0,127,4045.053165
0.0,127,4046.72505
1.0,177,4048.711077
2.0,224,4051.34997
0.0,125,4052.925691
1.0,174,4055.260842
0.0,129,4056.825989
1.0,155,4058.740227
0.0,129,4060.627012
0.0,123,4062.193235
1.0,177,4064.278179
1.0,173,4066.537796
3.0,232,4069.667502
1.0,172,4071.864592
1.0,155,4073.587483
3.0,251,4076.439959
0.0,127,4077.644033
1.0,170,4079.592392
0.0,127,4081.402807
3.0,251,4084.682102
2.0,202,4087.321774
5.0,335,4090.899204
2.0,221,4093.877218
1.0,175,4096.010925
3.0,249,4098.885275
1.0,176,4101.052355
1.0,172,4103.163316
1.0,155,4104.942631
0.0,127,4106.678488
3.0,252,4110.025799
3.0,252,4113.28979
0.0,127,4114.597774
5.0,310,4118.250924
0.0,127,4119.774816
0.0,125,4121.040096
1.0,175,4123.038361
1.0,171,4124.725457
4.0,301,4128.53733
0.0,125,4129.87158
0.0,129,4131.445807
0.0,127,4133.040062
0.0,129,4134.405314
0.0,129,4135.882007
0.0,125,4137.390824
3.0,244,4140.427043
3.0,231,4143.655257
1.0,157,4145.519552
2.0,220,4148.274003
0.0,123,4149.481027
0.0,127,4150.796402
5.0,375,4155.363604
0.0,127,4156.926792
2.0,205,4159.643922
1.0,157,4161.724719
1.0,157,4163.827181
0.0,129,4165.793341
2.0,224,4168.773926
0.0,127,4170.450224
0.0,129,4172.100202
2.0,220,4174.885947
2.0,222,4177.245749
1.0,157,4179.115827
0.0,127,4180.448076
6.0,380,4184.498824
4.0,279,4187.775792
0.0,125,4189.025579
2.0,204,4191.181163
2.0,200,4193.284834
3.0,250,4196.019109
2.0,185,4198.266278
2.0,203,4200.767808
0.0,125,4202.075419
0.0,127,4203.552432
3.0,227,4206.2391
1.0,155,4208.175263
4.0,322,4212.337056
0.0,125,4213.701092
3.0,252,4216.728926
0.0,127,4218.104065
1.0,173,4219.881491
2.0,202,4222.181246
1.0,175,4224.311537
3.0,272,4227.585074
3.0,272,4231.008272
3.0,246,4233.762452
2.0,202,4235.92454
5.0,332,4239.83637
0.0,127,4241.30152
0.0,127,4242.715368
2.0,224,4245.624995
0.0,125,4247.106307
1.0,175,4249.581649
0.0,129,4251.343421
5.0,331,4255.806514
0.0,127,4257.291259
1.0,153,4259.09509
0.0,125,4260.52001
0.0,127,4262.180663
0.0,127,4263.614895
1.0,155,4265.262218
0.0,129,4266.54006
2.0,202,4269.009758
0.0,125,4270.386241
2.0,220,4272.553169
2.0,205,4274.868859
1.0,177,4276.73598
0.0,129,4278.132462
2.0,227,4281.173628
4.0,299,4285.358076
3.0,252,4288.947723
2.0,182,4291.269801
0.0,129,4292.951163
0.0,125,4294.686157
2.0,220,4297.503462
4.0,279,4301.489677
3.0,250,4304.518065
1.0,157,4306.29716
0.0,129,4307.974306
0.0,129,4309.822229
0.0,129,4311.473279
0.0,127,4313.043806
4.0,302,4317.07333
1.0,171,4318.861899
2.0,222,4321.360995
2.0,220,4324.207987
4.0,259,4327.402535
1.0,173,4329.639893
0.0,127,4331.020911
4.0,298,4334.844426
4.0,278,4338.669305
0.0,125,4340.019532
0.0,123,4341.562203
2.0,224,4344.569983
0.0,127,4345.849441
0.0,129,4347.21732
2.0,200,4349.561098
2.0,201,4351.667406
3.0,268,4354.848711
2.0,201,4357.313457
0.0,127,4358.749083
1.0,157,4360.606576
3.0,252,4363.88828
1.0,175,4365.979395
1.0,173,4368.10153
3.0,248,4371.298236
4.0,277,4374.672312
4.0,300,4377.710779
2.0,222,4380.342411
0.0,127,4381.961359
9.0,385,4386.903566
2.0,204,4389.446725
0.0,127,4391.085043
4.0,304,4394.963212
0.0,127,4396.545808
0.0,127,4398.132991
2.0,200,4400.957574
3.0,248,4404.182247
0.0,127,4405.816251
1.0,178,4407.987791
0.0,129,4409.464056
2.0,204,4411.794273
1.0,155,4413.527508
6.0,374,4417.774719
0.0,129,4419.184967
0.0,129,4420.857936
2.0,220,4423.371028
0.0,127,4424.778316
3.0,273,4428.082391
0.0,127,4429.63354
1.0,175,4431.956218
1.0,155,4434.120811
3.0,248,4437.182624
2.0,202,4439.513348
0.0,127,4441.013612
3.0,252,4443.685493
3.0,244,4446.884121
3.0,275,4450.440272
0.0,127,4452.034064
0.0,129,4453.827565
4.0,261,4457.182985
2.0,201,4459.619336
1.0,173,4461.710145
1.0,173,4463.934979
1.0,173,4466.079051
2.0,202,4468.595602
3.0,248,4471.45025
1.0,157,4473.419734
2.0,220,4475.654744
0.0,129,4476.976228
0.0,129,4478.338403
0.0,129,4480.036318
3.0,230,4482.869336
0.0,129,4484.456714
1.0,178,4486.778115
1.0,175,4488.909318
0.0,127,4490.213067
1.0,173,4492.394897
0.0,129,4493.721629
5.0,344,4497.356694
0.0,125,4498.778944
5.0,344,4502.54808
6.0,381,4506.56902
0.0,125,4507.889524
0.0,129,4509.388212
2.0,206,4511.532775
1.0,177,4513.454465
1.0,174,4515.274013
2.0,203,4517.741923
0.0,125,4519.42352
0.0,127,4520.82067
2.0,224,4523.867041
0.0,127,4525.440409
7.0,400,4530.480132
3.0,233,4533.116722
0.0,129,4534.581496
4.0,297,4538.522277
0.0,129,4539.941214
0.0,127,4541.486982
1.0,157,4543.681643
2.0,222,4546.350436
2.0,224,4549.530059
1.0,175,4551.832426
0.0,125,4553.482288
0.0,129,4555.121331
1.0,173,4557.115226
4.0,322,4560.581457
1.0,169,4562.573352
1.0,173,4564.364526
1.0,155,4566.220128
1.0,169,4568.348796
0.0,125,4569.847561
8.0,461,4575.640222
0.0,127,4577.164823
0.0,127,4578.688003
1.0,175,4581.102025
6.0,382,4585.558534
1.0,173,4587.563563
2.0,217,4590.44301
1.0,178,4592.71665
0.0,127,4594.285015
1.0,176,4596.458017
6.0,401,4601.455512
0.0,129,4602.753021
0.0,127,4604.489946
0.0,127,4606.065972
0.0,129,4607.755054
0.0,129,4609.521326
0.0,125,4611.143707
0.0,125,4612.766627
1.0,176,4614.791095
0.0,127,4616.158906
0.0,127,4617.362161
0.0,129,4618.53616
1.0,173,4620.291768
1.0,175,4622.252557
2.0,222,4624.997719
0.0,129,4626.686904
3.0,252,4630.174372
4.0,259,4633.57854
0.0,129,4635.124765
3.0,271,4638.339324
0.0,127,4639.846659
10.0,433,4645.096322
0.0,129,4646.436504
5.0,336,4650.316411
4.0,302,4653.633046
1.0,171,4655.422451
0.0,125,4656.77938
2.0,206,4659.554636
0.0,125,4660.941689
2.0,225,4663.572399
1.0,173,4665.587828
2.0,201,4668.240515
1.0,173,4670.467153
3.0,270,4674.14178
1.0,173,4676.414762
0.0,129,4677.984009
0.0,127,4679.57829
0.0,129,4681.197174
3.0,233,4683.731755
0.0,129,4685.2795
2.0,200,4687.943619
0.0,127,4689.53887
1.0,173,4691.686871
0.0,129,4693.322665
4.0,284,4696.567196
0.0,129,4698.194793
0.0,129,4700.055919
0.0,127,4701.586389
1.0,155,4703.405196
0.0,127,4704.780451
0.0,129,4706.173486
0.0,129,4707.640577
2.0,203,4709.94051
4.0,302,4713.412638
0.0,129,4714.789812
0.0,129,4716.262584
2.0,204,4718.255814
3.0,250,4721.4127
1.0,173,4723.590791
0.0,129,4725.249283
3.0,252,4728.481266
1.0,157,4730.282088
3.0,250,4732.956718
1.0,176,4735.025772
2.0,203,4737.394382
1.0,152,4739.274908
0.0,125,4740.64089
0.0,127,4742.065531
4.0,289,4745.704873
4.0,282,4748.87423
5.0,333,4753.097822
1.0,157,4754.918323
2.0,190,4757.113104
0.0,129,4758.389116
0.0,127,4759.840299
0.0,125,4761.292862
1.0,175,4763.524361
1.0,176,4765.72325
2.0,207,4768.011978
1.0,157,4769.940758
6.0,402,4774.03716
0.0,127,4775.518778
6.0,380,4779.725917
0.0,129,4781.346339
0.0,127,4782.571919
2.0,204,4785.172574
3.0,252,4788.299253
1.0,157,4790.058885
1.0,173,4792.021925
2.0,224,4794.488319
3.0,248,4797.354309
2.0,204,4799.696527
2.0,198,4801.816333
0.0,125,4802.996721
3.0,246,4805.518384
6.0,399,4810.234203
0.0,129,4812.085777
1.0,151,4813.862608
0.0,129,4815.23417
0.0,127,4816.712261
1.0,173,4819.138107
1.0,155,4820.984131
0.0,129,4822.624136
0.0,127,4824.369808
0.0,125,4826.043048
3.0,268,4829.612824
1.0,173,4831.557671
0.0,129,4833.176526
2.0,200,4835.354014
4.0,302,4839.115674
1.0,173,4841.060323
0.0,127,4842.46297
0.0,129,4843.957871
1.0,173,4846.229473
0.0,127,4847.574839
3.0,248,4850.47932
2.0,223,4853.408295
1.0,156,4855.064084
1.0,175,4857.006838
0.0,129,4858.676898
3.0,272,4861.577164
1.0,173,4863.237523
0.0,125,4864.857556
0.0,127,4866.08131
5.0,344,4869.66708
0.0,127,4871.109871
0.0,129,4872.576232
1.0,178,4874.883006
2.0,205,4877.776486
4.0,299,4881.673541
4.0,299,4885.683594
0.0,125,4887.061881
0.0,127,4888.339194
1.0,174,4890.190083
1.0,155,4891.548553
6.0,275,4894.4556
0.0,127,4896.023483
3.0,250,4898.66375
3.0,270,4901.987433
0.0,129,4903.530905
4.0,295,4907.753108
0.0,127,4909.308655
2.0,200,4911.70884
0.0,127,4913.437732
1.0,178,4915.888656
3.0,268,4919.275852
1.0,174,4921.632932
4.0,279,4925.212938
0.0,127,4926.800222
2.0,202,4929.226124
2.0,198,4931.577368
2.0,200,4934.032591
2.0,204,4936.641242
1.0,157,4938.486379
0.0,129,4940.005021
4.0,300,4943.613414
1.0,174,4945.779235
0.0,127,4947.393641
3.0,276,4950.946996
0.0,127,4952.26346
6.0,403,4956.774875
1.0,173,4958.819949
0.0,125,4960.122483
0.0,125,4961.639843
2.0,220,4964.463069
2.0,224,4967.441616
0.0,127,4969.242025
0.0,129,4970.857959
0.0,127,4972.200808
0.0,127,4973.676702
3.0,252,4976.803616
2.0,202,4979.287032
0.0,129,4980.886578
0.0,127,4982.694516
2.0,200,4985.006951
2.0,204,4987.384612
0.0,127,4988.829696
0.0,127,4990.168223
4.0,280,4993.483414
4.0,299,4997.215426
0.0,127,4998.652849
3.0,279,5001.694223
0.0,125,5003.087376
0.0,127,5004.36473
0.0,129,5005.671406
2.0,200,5007.867839
2.0,225,5010.114399
0.0,125,5011.336591
3.0,271,5014.129785
1.0,173,5015.880315
0.0,129,5017.206445
6.0,391,5021.11184
1.0,157,5022.748962
1.0,175,5025.067387
4.0,296,5028.743353
0.0,127,5030.300405
0.0,127,5031.862382
2.0,202,5034.007486
2.0,223,5036.367471
0.0,129,5037.61465
1.0,155,5039.091045
2.0,200,5041.037313
3.0,268,5043.965718
0.0,129,5045.250991
4.0,319,5049.282838
4.0,299,5052.969741
2.0,225,5055.98476
0.0,127,5057.423914
2.0,203,5059.95596
2.0,202,5062.738378
0.0,127,5064.244256
0.0,125,5065.620881
1.0,157,5067.430268
0.0,129,5068.846154
1.0,173,5070.712622
5.0,350,5074.999605
2.0,198,5077.20121
0.0,129,5078.692653
2.0,184,5080.958582
4.0,277,5084.214417
1.0,173,5086.532687
0.0,127,5087.858629
0.0,125,5089.137791
3.0,227,5091.422367
2.0,226,5093.692051
0.0,125,5094.929051
1.0,173,5096.727622
0.0,129,5098.304172
0.0,129,5099.565267
3.0,267,5102.244828
0.0,129,5103.833411
3.0,249,5106.599169
2.0,224,5109.093803
0.0,127,5110.618502
0.0,129,5112.17261
4.0,263,5115.298537
5.0,342,5119.426764
3.0,252,5122.386511
0.0,129,5123.837689
12.0,408,5128.85958
3.0,250,5131.79387
1.0,154,5133.397478
2.0,227,5135.932231
0.0,129,5137.210983
0.0,129,5138.497304
1.0,153,5140.279891
2.0,206,5142.941879
1.0,155,5144.784381
0.0,129,5146.386021
5.0,350,5150.966366
0.0,129,5152.540453
2.0,202,5155.159328
0.0,127,5156.586227
0.0,129,5158.094582
0.0,125,5159.490288
1.0,171,5161.508747
2.0,199,5163.725644
1.0,155,5165.585637
0.0,127,5167.224454
3.0,250,5170.446927
0.0,129,5171.982539
2.0,190,5174.592554
1.0,173,5176.312964
4.0,319,5180.196663
3.0,253,5183.496943
0.0,129,5185.245467
2.0,224,5188.100441
1.0,171,5190.324098
0.0,129,5191.68
1.0,175,5193.7433
0.0,127,5195.332577
0.0,129,5196.64095
2.0,202,5199.026689
0.0,127,5200.683638
2.0,202,5203.23448
9.0,421,5208.756353
1.0,173,5210.666789
11.0,480,5216.876564
0.0,129,5218.260483
0.0,125,5219.659195
1.0,178,5222.071122
0.0,127,5223.611142
1.0,171,5225.628769
2.0,200,5228.244692
6.0,376,5232.48765
0.0,127,5233.875405
0.0,129,5235.119894
0.0,127,5236.451309
1.0,155,5238.240418
3.0,251,5241.425777
3.0,250,5244.401346
2.0,224,5247.268259
0.0,129,5248.753659
0.0,125,5250.13281
1.0,157,5251.912752
1.0,173,5253.862887
2.0,224,5256.258498
0.0,125,5257.398478
0.0,129,5258.728904
2.0,184,5260.584142
1.0,173,5262.576569
2.0,206,5265.273766
2.0,200,5267.552101
3.0,272,5271.114319
4.0,299,5274.630829
1.0,155,5276.435627
0.0,125,5277.874614
2.0,224,5280.235068
0.0,125,5281.493142
0.0,125,5282.835366
3.0,248,5285.893576
0.0,127,5287.319645
2.0,223,5290.400193
0.0,129,5291.799105
0.0,125,5293.428965
1.0,153,5295.25153
3.0,226,5298.003889
0.0,127,5299.241455
6.0,344,5303.922888
4.0,299,5307.252401
0.0,125,5308.708268
5.0,343,5312.548908
1.0,173,5314.122762
0.0,129,5315.572201
2.0,188,5317.639419
0.0,129,5318.985469
1.0,176,5320.956
0.0,123,5322.290614
0.0,129,5323.573879
3.0,236,5326.090342
0.0,129,5327.695837
2.0,198,5329.919585
1.0,157,5331.761089
2.0,185,5333.794629
5.0,349,5337.447532
1.0,175,5339.48803
0.0,127,5340.684509
2.0,203,5342.870107
1.0,176,5344.75072
2.0,185,5347.018827
0.0,127,5348.710045
2.0,224,5351.743586
4.0,304,5355.469899
1.0,153,5357.581283
1.0,171,5359.747547
0.0,127,5361.010282
4.0,299,5364.521737
1.0,157,5366.409217
0.0,129,5367.745761
2.0,202,5369.960058
0.0,125,5371.484961
2.0,201,5373.589929
0.0,129,5374.881916
0.0,127,5376.546107
0.0,127,5377.846704
1.0,171,5379.827851
2.0,183,5381.882292
0.0,127,5383.632281
0.0,129,5385.220741
2.0,222,5387.62812
0.0,129,5388.898269
2.0,198,5391.393314
0.0,129,5392.933043
1.0,154,5394.835418
1.0,155,5396.82716
5.0,349,5400.77447
1.0,153,5403.015861
4.0,299,5406.598989
0.0,125,5407.831585
4.0,279,5411.517197
0.0,129,5413.159106
1.0,173,5415.362375
0.0,127,5416.942043
2.0,200,5419.584046
0.0,129,5420.920722
0.0,125,5422.524315
3.0,252,5425.971791
0.0,129,5427.548339
0.0,127,5429.137103
5.0,350,5433.604215
1.0,178,5435.678703
0.0,129,5437.215508
0.0,129,5438.663318
0.0,129,5440.248276
0.0,129,5441.874022
0.0,127,5443.395081
0.0,125,5444.566577
2.0,202,5446.778651
1.0,175,5448.691472
0.0,129,5450.118207
0.0,127,5451.468156
2.0,227,5454.17633
2.0,187,5456.587248
1.0,157,5458.43067
2.0,225,5460.752953
2.0,202,5463.055587
0.0,127,5464.372833
4.0,301,5468.299579
2.0,202,5470.943005
2.0,223,5473.836587
1.0,173,5476.239136
3.0,248,5479.310056
1.0,173,5481.820883
3.0,248,5485.061062
0.0,129,5486.716731
0.0,125,5488.242069
1.0,153,5490.369011
1.0,178,5492.46821
1.0,173,5494.426329
2.0,188,5496.731628
0.0,129,5498.112343
1.0,155,5499.686838
2.0,226,5502.793745
0.0,129,5504.193709
4.0,275,5507.622705
0.0,125,5509.140572
0.0,129,5510.520462
3.0,272,5514.247639
9.0,424,5520.023089
4.0,320,5524.386471
0.0,127,5525.873201
0.0,127,5527.479008
0.0,127,5528.913054
0.0,129,5530.70015
2.0,224,5533.602054
2.0,207,5536.517141
0.0,127,5538.010593
1.0,155,5540.089114
2.0,201,5542.738568
0.0,129,5544.365847
2.0,203,5547.112464
1.0,176,5549.330249
1.0,157,5551.16336
3.0,246,5554.188206
0.0,125,5555.415823
1.0,173,5557.400596
0.0,129,5558.93804
2.0,198,5561.109655
2.0,203,5563.807538
3.0,250,5566.97947
1.0,174,5568.880946
0.0,127,5570.404419
0.0,127,5571.688602
0.0,129,5572.998643
2.0,222,5575.226457
3.0,271,5578.237953
1.0,169,5579.896406
1.0,173,5581.722847
4.0,324,5585.40239
2.0,200,5587.516462
4.0,295,5590.836005
8.0,374,5595.635957
1.0,173,5597.569248
0.0,129,5599.076118
0.0,125,5600.703356
4.0,301,5604.451605
0.0,129,5606.119226
1.0,157,5608.105125
2.0,200,5610.30728
1.0,173,5612.528404
1.0,157,5614.257615
1.0,175,5616.123611
4.0,296,5619.667252
0.0,127,5621.012403
1.0,174,5622.8304
1.0,173,5624.702987
5.0,330,5628.475667
3.0,232,5631.144015
3.0,251,5633.863283
0.0,127,5635.175079
0.0,125,5636.399076
0.0,127,5637.878433
0.0,129,5639.105752
3.0,229,5641.783519
2.0,202,5644.288812
7.0,305,5647.973768
4.0,301,5652.147861
1.0,155,5653.898345
1.0,157,5655.825875
1.0,155,5657.816473
1.0,175,5660.110148
0.0,129,5661.824122
6.0,359,5666.719177
1.0,174,5668.637267
1.0,157,5670.550191
1.0,157,5672.472542
3.0,252,5675.688493
0.0,125,5677.306735
3.0,273,5680.418749
1.0,177,5682.432426
2.0,200,5685.012848
1.0,171,5686.985037
0.0,127,5688.546075
0.0,125,5690.048257
0.0,129,5691.633302
0.0,127,5693.260933
1.0,173,5695.500513
1.0,155,5697.386082
0.0,127,5698.651626
1.0,155,5700.495994
1.0,169,5702.459633
1.0,172,5704.873568
5.0,351,5709.150362
2.0,206,5711.706616
0.0,129,5713.213097
0.0,129,5714.667809
2.0,207,5717.00978
0.0,125,5718.317235
0.0,127,5719.708725
0.0,127,5720.955994
1.0,153,5722.840281
6.0,397,5727.564053
0.0,127,5729.172075
0.0,129,5730.671733
0.0,129,5732.425269
0.0,129,5734.002087
2.0,204,5736.571748
0.0,129,5738.047575
0.0,129,5739.394417
1.0,151,5741.1024
4.0,300,5745.104125
0.0,127,5746.501552
0.0,127,5747.853821
6.0,382,5752.159345
1.0,171,5754.366372
4.0,301,5758.61403
1.0,155,5760.715935
2.0,202,5763.220263
1.0,157,5765.22083
0.0,127,5766.743288
3.0,252,5769.699113
6.0,379,5774.269512
0.0,127,5775.931246
0.0,129,5777.346608
2.0,222,5780.173582
1.0,157,5782.421362
2.0,202,5784.840542
0.0,129,5786.316251
0.0,129,5787.671338
0.0,127,5789.093928
1.0,173,5791.080805
0.0,127,5792.500988
1.0,176,5794.550215
1.0,173,5796.359484
0.0,129,5797.758931
0.0,127,5799.131506
0.0,129,5800.755276
0.0,129,5802.264054
1.0,157,5804.026002
1.0,172,5805.819543
1.0,173,5807.711625
3.0,271,5810.989391
0.0,129,5812.461206
0.0,125,5814.077534
0.0,129,5815.500338
3.0,251,5818.461774
2.0,222,5821.175804
0.0,129,5822.48371
1.0,173,5824.449177
4.0,301,5828.007357
3.0,249,5830.819555
1.0,173,5833.078269
1.0,172,5835.075846
3.0,230,5837.728714
0.0,127,5839.276132
0.0,125,5840.571586
2.0,219,5843.503136
0.0,129,5845.236219
0.0,127,5846.520613
3.0,248,5849.40107
8.0,446,5855.068763
1.0,155,5856.888541
1.0,155,5858.871673
3.0,226,5861.629212
0.0,129,5863.103892
4.0,284,5866.640279
2.0,225,5869.240853
4.0,282,5872.720815
1.0,157,5874.163227
1.0,155,5875.712161
1.0,157,5877.534633
0.0,127,5879.182097
3.0,250,5882.251801
3.0,230,5885.068668
1.0,155,5886.835036
4.0,298,5890.69378
1.0,175,5892.646998
3.0,269,5895.915726
0.0,127,5897.551501
1.0,175,5899.400613
1.0,155,5901.107999
0.0,127,5902.354388
0.0,129,5903.895973
0.0,127,5905.311633
0.0,129,5906.853689
2.0,202,5909.302687
1.0,157,5911.069681
1.0,173,5913.031939
1.0,157,5914.678746
3.0,250,5917.721617
1.0,174,5919.682306
7.0,320,5923.602618
1.0,170,5925.613641
1.0,169,5927.490605
1.0,153,5929.606248
3.0,228,5932.495337
0.0,127,5933.901353
1.0,155,5935.669648
1.0,173,5937.589536
2.0,222,5940.020653
0.0,127,5941.451579
1.0,155,5943.287398
1.0,175,5945.607999
2.0,222,5948.646619
1.0,157,5950.710808
0.0,127,5952.209671
1.0,173,5953.935365
0.0,127,5955.274711
0.0,129,5956.655235
5.0,331,5960.761663
3.0,248,5964.056459
4.0,297,5967.913661
0.0,129,5969.333117
2.0,203,5971.632963
3.0,246,5974.319893
0.0,129,5975.496322
0.0,127,5976.791726
0.0,129,5978.106984
3.0,249,5981.036631
5.0,350,5985.760029
0.0,129,5987.325487
1.0,153,5989.249909
1.0,177,5991.501336
1.0,155,5993.537687
4.0,300,5997.444209
3.0,230,6000.475754
0.0,127,6002.030305
2.0,202,6004.614202
0.0,129,6006.064415
2.0,203,6008.756331
2.0,184,6011.096823
0.0,127,6012.537929
1.0,171,6014.775569
1.0,173,6016.754417
1.0,171,6018.443286
1.0,171,6020.154808
0.0,129,6021.663356
0.0,129,6023.207962
0.0,129,6024.878962
1.0,157,6026.819799
0.0,125,6028.086265
4.0,323,6031.862324
0.0,127,6033.297689
2.0,222,6035.613506
1.0,173,6037.49175
0.0,129,6039.241613
0.0,129,6040.784195
3.0,251,6043.756755
0.0,127,6045.511463
2.0,204,6048.372065
4.0,280,6052.079864
0.0,129,6053.590653
0.0,127,6055.09158
0.0,127,6056.595263
8.0,349,6060.422977
1.0,155,6062.088465
3.0,228,6064.924334
0.0,125,6066.346301
2.0,206,6068.850178
4.0,280,6072.457916
0.0,125,6073.680403
0.0,125,6075.02261
3.0,228,6077.859402
4.0,321,6082.0617
2.0,201,6084.751753
3.0,248,6087.707132
0.0,127,6089.305786
0.0,127,6090.982125
0.0,129,6092.495666
2.0,223,6094.897623
0.0,129,6096.343248
0.0,127,6097.888053
1.0,173,6099.814378
0.0,125,6101.33672
1.0,178,6103.424997
3.0,265,6106.482571
0.0,127,6107.900651
2.0,224,6110.416497
5.0,353,6114.305168
3.0,270,6117.61318
0.0,129,6119.25504
0.0,127,6120.679362
0.0,129,6122.481232
0.0,129,6124.109753
9.0,382,6128.395008
6.0,278,6131.866529
3.0,251,6134.607955
0.0,127,6136.293175
3.0,252,6139.629267
0.0,125,6141.141527
2.0,203,6143.74359
1.0,157,6145.841713
0.0,129,6147.377157
2.0,220,6150.352062
3.0,230,6153.135829
0.0,127,6154.506491
1.0,173,6156.647944
2.0,222,6159.065037
1.0,154,6160.737298
2.0,204,6163.291388
0.0,127,6164.696811
0.0,125,6165.923502
2.0,191,6168.213748
0.0,129,6169.769768
3.0,250,6172.756162
2.0,222,6175.446855
2.0,183,6177.613834
7.0,401,6182.11321
1.0,176,6184.204804
1.0,173,6186.21016
0.0,125,6187.730112
0.0,127,6189.051689
2.0,200,6191.250672
0.0,127,6192.42166
3.0,272,6195.353476
4.0,322,6199.181592
1.0,172,6201.333169
2.0,202,6203.769051
7.0,323,6207.97789
1.0,153,6209.791512
0.0,129,6211.378769
2.0,221,6214.126328
3.0,271,6217.848663
0.0,127,6219.656801
0.0,127,6221.243451
0.0,127,6222.740452
3.0,248,6226.018253
2.0,206,6229.331504
0.0,129,6231.001077
2.0,224,6233.667997
0.0,127,6235.084749
1.0,173,6237.283029
1.0,157,6239.223401
0.0,125,6240.923373
3.0,248,6243.922055
2.0,204,6246.228644
0.0,127,6247.694467
0.0,127,6249.099532
0.0,129,6250.463079
2.0,224,6253.616785
0.0,127,6255.098333
1.0,170,6257.260001
2.0,200,6259.721258
1.0,155,6261.799432
1.0,171,6263.840968
2.0,206,6266.603184
7.0,320,6270.526475
0.0,127,6271.909903
0.0,125,6273.355496
0.0,127,6275.059271
4.0,323,6278.755633
1.0,153,6280.697964
0.0,129,6282.282293
2.0,202,6284.284591
0.0,129,6285.711754
1.0,176,6288.130747
4.0,262,6291.454639
2.0,202,6294.233499
0.0,129,6295.695809
1.0,175,6297.810436
0.0,127,6299.285655
0.0,129,6300.83531
0.0,127,6302.361732
1.0,173,6304.4658
1.0,173,6306.710361
4.0,299,6310.21412
0.0,129,6311.759875
1.0,173,6314.152254
0.0,129,6315.782
0.0,127,6317.268
2.0,190,6319.463668
5.0,328,6323.420732
3.0,253,6326.594185
2.0,220,6329.393131
2.0,222,6332.004926
0.0,127,6333.655414
1.0,176,6335.635056
2.0,226,6338.391608
5.0,351,6342.829654
1.0,173,6344.643528
0.0,127,6346.360989
3.0,214,6348.802148
0.0,127,6350.233469
5.0,333,6354.738651
0.0,129,6356.1724
0.0,127,6357.444827
0.0,127,6358.994539
5.0,331,6362.890099
5.0,330,6367.214793
2.0,200,6369.460818
0.0,127,6370.723688
1.0,154,6372.563498
0.0,129,6373.944988
1.0,175,6375.940795
1.0,173,6378.048953
2.0,198,6380.557956
3.0,254,6383.909196
0.0,127,6385.830308
1.0,157,6387.450845
2.0,201,6389.876927
2.0,198,6392.339236
4.0,301,6395.73932
0.0,129,6397.120822
1.0,170,6399.183914
0.0,125,6400.423676
1.0,155,6402.227421
0.0,129,6403.577888
3.0,215,6406.097807
3.0,248,6409.41119
0.0,123,6410.966287
0.0,129,6412.380319
2.0,221,6415.068864
0.0,127,6416.490039
1.0,157,6418.461141
0.0,127,6420.031859
0.0,127,6421.379654
2.0,222,6424.105841
1.0,172,6426.11985
1.0,171,6428.222165
0.0,129,6429.582743
1.0,155,6431.349265
0.0,129,6432.735381
2.0,202,6434.697031
5.0,322,6438.337712
3.0,248,6441.16343
2.0,204,6443.875265
4.0,299,6447.198049
6.0,399,6451.865024
0.0,129,6453.330831
2.0,200,6455.686414
1.0,173,6457.564631
0.0,129,6458.821681
1.0,155,6460.609786
1.0,157,6462.211753
1.0,175,6463.924568
4.0,300,6467.442221
1.0,175,6469.724347
3.0,271,6473.231586
2.0,221,6475.663515
0.0,129,6476.835055
0.0,127,6478.073489
0.0,127,6479.543731
0.0,127,6480.869653
1.0,155,6482.406698
2.0,222,6484.958519
0.0,125,6486.389602
7.0,374,6491.149935
0.0,125,6492.503602
3.0,275,6495.65678
2.0,181,6497.744036
2.0,220,6500.389801
1.0,155,6502.386453
2.0,227,6505.525119
2.0,227,6508.328134
2.0,223,6511.554958
0.0,127,6513.030494
0.0,127,6514.412273
0.0,125,6515.892752
0.0,125,6517.362094
3.0,248,6520.40604
3.0,248,6523.26499
3.0,245,6526.627018
0.0,125,6528.154284
0.0,127,6529.756431
2.0,202,6532.315449
5.0,329,6536.512528
4.0,292,6540.10559
4.0,299,6543.431035
0.0,127,6544.947638
1.0,173,6547.086583
0.0,125,6548.52232
2.0,186,6550.648879
2.0,202,6552.814125
0.0,129,6554.144978
0.0,127,6555.567467
0.0,127,6556.991426
2.0,200,6559.338782
4.0,280,6563.102439
1.0,153,6564.908598
0.0,125,6566.509032
5.0,351,6570.583512
2.0,204,6572.536608
0.0,129,6573.88171
2.0,188,6575.802345
7.0,326,6579.243116
1.0,173,6581.19182
2.0,200,6583.421571
1.0,174,6585.432179
1.0,175,6587.876914
1.0,157,6589.84214
5.0,328,6594.403954
2.0,200,6596.672463
1.0,155,6598.343077
3.0,256,6601.540252
1.0,155,6603.313038
2.0,205,6605.761229
0.0,129,6607.49308
6.0,396,6612.044487
3.0,226,6615.032567
1.0,154,6616.663511
5.0,328,6620.452118
6.0,380,6625.205291
4.0,258,6628.936102
0.0,129,6630.386993
2.0,225,6633.43899
4.0,302,6637.145866
0.0,125,6638.53631
5.0,328,6642.84109
0.0,125,6644.257088
1.0,157,6646.296677
0.0,127,6647.856651
1.0,176,6649.892336
1.0,153,6651.866166
1.0,174,6654.213641
3.0,268,6657.833392
1.0,157,6659.772297
1.0,173,6662.1909
3.0,236,6665.133375
0.0,129,6666.675107
0.0,127,6668.376431
0.0,127,6669.804041
0.0,127,6671.296844
1.0,178,6673.375625
4.0,279,6676.934305
0.0,125,6678.453959
2.0,222,6681.486704
0.0,127,6682.855848
1.0,171,6684.766097
1.0,176,6686.709311
0.0,125,6688.332438
2.0,202,6690.711439
0.0,123,6691.963095
3.0,235,6694.862861
1.0,153,6696.314047
2.0,202,6698.593395
0.0,129,6700.268294
2.0,226,6702.695566
4.0,276,6705.621437
1.0,153,6707.1745
0.0,129,6708.722215
1.0,157,6710.537921
6.0,398,6715.834428
3.0,252,6718.90778
0.0,125,6720.123338
0.0,127,6721.508293
0.0,125,6722.999794
1.0,155,6724.956498
0.0,127,6726.420223
3.0,250,6729.500211
3.0,267,6733.094012
2.0,226,6735.845259
3.0,272,6739.665886
3.0,246,6742.800415
3.0,216,6745.915555
0.0,129,6747.506768
2.0,219,6750.467163
0.0,127,6751.996132
0.0,125,6753.617289
1.0,169,6755.465222
0.0,125,6756.825351
5.0,329,6760.367717
3.0,252,6763.002566
0.0,123,6764.234985
0.0,127,6765.822699
2.0,223,6768.755616
0.0,127,6770.550756
1.0,155,6772.620224
0.0,129,6774.22834
1.0,153,6776.236708
1.0,155,6777.985271
3.0,230,6780.949785
2.0,224,6783.697581
3.0,248,6786.93068
0.0,125,6788.307797
0.0,129,6789.883811
1.0,175,6791.991688
1.0,172,6793.838281
0.0,127,6795.445848
3.0,249,6798.575372
4.0,279,6802.091333
0.0,129,6803.58061
0.0,127,6805.190473
4.0,297,6808.752659
0.0,129,6810.212157
3.0,267,6813.228728
1.0,157,6814.899427
3.0,266,6818.048196
4.0,301,6821.923564
0.0,129,6823.615336
2.0,219,6826.579226
1.0,155,6828.64422
1.0,171,6830.770845
1.0,157,6832.986966
4.0,264,6836.306319
4.0,302,6840.331181
0.0,125,6841.838666
5.0,346,6846.496918
0.0,129,6847.794558
0.0,129,6849.276229
2.0,187,6851.574709
2.0,202,6854.221605
1.0,157,6855.850827
1.0,155,6857.788169
0.0,127,6859.458617
0.0,125,6860.962222
3.0,248,6864.280083
2.0,223,6867.064151
0.0,127,6868.618197
0.0,129,6870.171489
1.0,172,6872.48451
2.0,206,6874.968254
1.0,157,6877.11482
3.0,253,6880.812278
2.0,205,6883.412423
0.0,129,6885.162598
3.0,270,6888.987809
4.0,301,6893.193387
0.0,127,6894.975013
6.0,380,6900.355218
0.0,125,6902.066529
2.0,222,6904.605437
0.0,125,6906.033192
3.0,250,6909.323976
1.0,175,6911.66188
2.0,202,6914.160889
0.0,129,6916.032136
4.0,299,6919.620025
0.0,129,6920.945104
6.0,397,6926.108987
0.0,129,6927.847553
0.0,125,6929.689374
1.0,173,6931.805263
2.0,220,6934.386556
2.0,185,6936.456589
0.0,127,6937.796688
0.0,129,6939.032277
4.0,298,6942.322506
3.0,250,6945.259976
2.0,185,6947.794724
1.0,155,6949.862373
2.0,202,6952.37127
1.0,171,6954.233942
1.0,173,6956.301891
0.0,127,6957.904674
0.0,123,6959.280328
0.0,127,6960.787383
2.0,224,6963.46055
0.0,125,6964.861195
3.0,272,6968.708772
3.0,270,6971.848737
1.0,153,6973.60762
0.0,129,6975.156521
1.0,170,6977.152758
2.0,185,6979.51045
1.0,157,6982.090137
0.0,129,6983.853634
1.0,155,6985.834602
0.0,127,6987.401938
2.0,183,6990.024701
2.0,201,6992.448138
2.0,200,6995.018146
1.0,155,6997.121484
0.0,127,6998.471658
1.0,153,7000.129855
0.0,129,7001.426651
3.0,250,7004.181592
5.0,350,7008.008238
1.0,157,7009.683872
2.0,183,7011.819533
1.0,157,7013.644567
0.0,125,7015.155084
0.0,127,7016.454629
2.0,202,7018.547374
2.0,220,7020.903424
3.0,252,7023.832481
0.0,129,7025.403207
0.0,127,7026.974722
0.0,129,7028.36958
4.0,264,7031.292307
1.0,173,7033.526174
2.0,200,7035.818508
6.0,402,7040.314015
1.0,175,7042.32349
1.0,155,7043.968128
1.0,154,7045.795299
0.0,127,7047.209655
0.0,129,7048.653513
2.0,202,7050.915645
4.0,306,7054.388914
0.0,127,7055.677276
2.0,222,7058.017375
2.0,207,7060.031739
0.0,127,7061.366498
1.0,176,7063.540466
0.0,127,7064.990839
1.0,153,7066.752776
1.0,175,7069.181048
0.0,127,7070.696687
0.0,125,7072.089243
2.0,183,7074.290544
4.0,304,7078.347669
1.0,157,7080.20332
2.0,190,7082.508923
3.0,232,7085.410649
1.0,176,7087.350744
2.0,204,7089.543071
4.0,280,7092.563687
1.0,177,7094.391879
1.0,176,7096.219773
2.0,188,7098.401374
3.0,274,7101.590606
0.0,125,7102.895489
0.0,129,7104.141804
1.0,157,7105.829067
0.0,127,7107.411653
0.0,129,7108.798291
1.0,175,7110.583894
1.0,155,7112.596612
3.0,248,7115.325766
5.0,317,7119.385969
0.0,127,7120.942692
3.0,230,7123.679691
3.0,230,7126.654841
0.0,129,7128.184432
0.0,127,7129.828679
2.0,199,7132.42583
1.0,173,7134.605155
0.0,123,7136.097422
2.0,206,7138.691753
0.0,125,7140.444514
1.0,175,7142.655709
1.0,173,7144.649077
0.0,125,7146.252084
2.0,220,7149.088653
0.0,129,7150.426957
0.0,125,7151.690059
2.0,219,7154.541503
1.0,178,7156.496169
2.0,188,7158.659503
0.0,125,7160.213779
3.0,248,7163.297442
2.0,229,7166.069492
1.0,174,7168.096419
2.0,222,7170.544783
4.0,321,7174.418542
0.0,129,7175.798984
1.0,173,7177.981427
2.0,198,7180.049778
0.0,123,7181.269293
0.0,127,7182.671565
0.0,127,7184.169067
2.0,203,7186.657202
2.0,201,7189.316865
2.0,220,7191.83927
2.0,200,7194.022194
1.0,175,7196.030788
3.0,252,7198.866023
5.0,349,7202.50685
1.0,157,7204.116391
6.0,317,7207.799111
0.0,129,7209.254971
0.0,127,7210.571475
2.0,202,7212.590401
0.0,127,7213.898655
1.0,177,7215.881257
0.0,125,7217.099214
0.0,127,7218.462254
0.0,125,7219.747144
0.0,127,7221.148213
3.0,251,7224.165181
0.0,125,7225.708922
2.0,203,7228.28267
0.0,129,7229.851418
3.0,230,7232.75973
0.0,129,7234.38839
0.0,129,7235.790589
1.0,155,7237.761286
2.0,224,7240.675193
0.0,125,7242.054548
2.0,202,7244.295017
1.0,153,7245.935489
1.0,155,7248.105694
0.0,129,7249.798087
3.0,272,7253.212229
4.0,302,7256.834827
0.0,127,7258.261351
2.0,216,7260.993749
0.0,127,7262.340989
0.0,129,7263.765714
1.0,176,7266.119038
0.0,127,7267.479581
2.0,225,7270.005017
2.0,201,7272.226279
4.0,281,7275.142003
1.0,173,7276.801898
1.0,159,7278.725045
1.0,173,7280.835569
0.0,129,7282.470411
0.0,129,7283.925148
3.0,250,7286.99677
3.0,249,7290.357104
0.0,127,7292.027378
0.0,127,7293.503358
1.0,173,7295.582855
4.0,299,7299.308237
2.0,222,7301.944252
1.0,173,7304.010623
0.0,127,7305.519915
3.0,214,7308.247317
1.0,171,7310.225973
3.0,252,7313.496842
0.0,125,7315.011507
0.0,127,7316.704551
0.0,125,7318.294979
0.0,127,7319.65228
1.0,157,7321.442677
1.0,155,7323.295345
2.0,199,7325.825202
2.0,219,7328.596512
0.0,129,7330.19403
2.0,201,7332.820524
0.0,127,7334.177833
0.0,129,7335.519654
3.0,252,7338.396189
0.0,127,7339.797326
3.0,252,7343.002184
1.0,157,7344.966842
3.0,231,7347.752282
3.0,228,7350.278538
1.0,155,7351.950883
3.0,251,7354.889637
0.0,129,7356.580752
0.0,127,7358.22259
1.0,157,7360.132666
1.0,171,7362.090745
2.0,202,7364.438675
3.0,270,7367.547529
0.0,127,7368.868943
4.0,274,7372.161629
0.0,127,7373.473011
3.0,250,7376.362947
0.0,129,7377.751581
0.0,125,7379.129397
2.0,202,7381.208703
3.0,252,7383.900499
2.0,200,7386.013452
0.0,125,7387.396159
0.0,127,7388.660779
0.0,127,7389.913283
2.0,185,7391.887022
1.0,173,7393.841872
2.0,183,7395.710352
4.0,317,7399.379937
0.0,129,7400.984281
3.0,274,7404.167604
3.0,274,7408.227077
1.0,153,7410.296372
4.0,295,7414.086595
0.0,129,7415.417347
1.0,173,7417.491209
0.0,129,7419.049416
0.0,127,7420.825274
2.0,225,7424.000858
2.0,226,7427.119968
4.0,299,7430.940697
3.0,250,7434.293756
0.0,127,7435.699091
1.0,159,7437.546997
0.0,123,7438.808092
2.0,202,7441.237931
1.0,175,7443.165707
0.0,129,7444.418411
0.0,129,7445.761047
1.0,173,7447.856165
0.0,127,7449.126207
0.0,129,7450.607442
3.0,271,7453.799088
0.0,129,7455.056092
0.0,125,7456.146781
1.0,173,7458.325877
0.0,127,7459.731704
0.0,125,7461.112216
2.0,204,7463.582576
3.0,273,7467.27567
0.0,125,7468.600594
1.0,175,7470.65699
0.0,127,7472.57329
0.0,127,7473.974207
2.0,220,7476.344454
0.0,129,7478.0387
4.0,303,7481.752781
4.0,319,7485.718719
2.0,188,7488.009994
1.0,154,7489.877562
0.0,129,7491.470553
2.0,198,7493.924068
2.0,225,7496.756192
0.0,129,7498.364264
2.0,224,7501.092294
2.0,206,7503.698174
2.0,217,7506.358714
1.0,157,7508.111188
3.0,251,7510.939527
1.0,153,7512.674944
3.0,272,7516.158252
1.0,153,7518.258416
1.0,155,7519.932497
9.0,405,7524.541871
1.0,171,7526.436812
2.0,200,7528.647891
1.0,155,7530.525614
0.0,127,7531.87449
3.0,274,7534.895746
4.0,299,7538.415285
0.0,125,7539.646849
3.0,252,7542.338169
1.0,173,7544.315484
0.0,127,7545.832363
5.0,328,7549.90857
0.0,129,7551.301415
0.0,129,7552.687078
0.0,129,7554.276509
0.0,129,7555.619696
1.0,176,7557.493231
2.0,203,7559.700588
1.0,157,7561.550207
0.0,127,7562.961062
2.0,201,7565.306909
0.0,125,7566.84771
1.0,153,7568.823103
2.0,224,7571.542931
1.0,155,7573.504436
2.0,202,7575.697054
2.0,220,7578.108696
1.0,157,7580.35759
4.0,299,7583.92662
1.0,176,7586.100147
3.0,210,7588.515098
2.0,201,7590.808277
3.0,249,7593.754916
0.0,127,7594.95346
0.0,127,7596.159669
1.0,173,7598.271172
0.0,129,7599.766171
2.0,220,7602.441459
1.0,153,7604.123929
1.0,155,7605.937775
1.0,157,7607.542933
3.0,251,7610.48348
3.0,272,7613.689274
0.0,129,7614.958041
4.0,316,7619.046402
1.0,153,7621.193106
0.0,127,7622.779322
0.0,127,7624.404299
2.0,226,7626.845247
2.0,198,7629.240049
0.0,129,7630.926146
0.0,123,7632.414026
3.0,251,7635.666099
0.0,127,7637.0697
2.0,202,7639.498067
6.0,380,7644.56871
0.0,127,7646.02988
0.0,127,7647.219738
1.0,175,7648.882222
2.0,187,7651.166323
2.0,220,7653.60679
2.0,202,7655.785164
2.0,220,7658.396455
1.0,157,7660.247218
3.0,250,7663.533171
0.0,125,7665.016948
3.0,248,7668.228754
0.0,127,7669.781374
0.0,127,7671.283938
0.0,129,7672.850918
0.0,127,7674.345409
1.0,157,7676.471722
1.0,176,7678.473539
7.0,428,7683.699708
0.0,129,7685.288148
1.0,175,7687.418824
2.0,186,7689.79636
0.0,129,7691.217006
0.0,127,7692.609639
3.0,270,7695.993181
1.0,177,7697.939905
0.0,129,7699.356797
6.0,379,7704.275553
0.0,127,7705.775635
4.0,298,7709.668446
0.0,129,7711.217928
3.0,233,7714.191397
2.0,206,7716.880361
5.0,352,7721.298404
0.0,127,7722.958634
0.0,127,7724.573136
1.0,175,7726.747573
2.0,202,7729.781336
1.0,175,7732.122782
0.0,129,7733.806705
0.0,125,7735.220173
4.0,299,7738.829991
1.0,171,7740.82692
1.0,155,7742.67523
5.0,324,7746.212641
0.0,127,7747.534806
4.0,244,7750.305538
0.0,127,7751.667629
1.0,157,7753.45433
0.0,127,7754.893763
2.0,201,7756.93947
4.0,322,7760.733226
0.0,129,7762.360728
0.0,123,7763.73003
0.0,127,7765.19857
3.0,272,7768.617633
1.0,155,7770.462532
1.0,155,7772.163963
2.0,202,7774.559913
0.0,127,7775.892304
0.0,129,7777.241633
3.0,272,7780.45283
0.0,129,7781.88732
2.0,186,7783.891324
2.0,204,7786.45812
0.0,127,7788.035636
0.0,125,7789.549616
0.0,127,7791.066578
3.0,228,7794.208391
0.0,129,7795.776483
0.0,129,7797.303501
0.0,127,7798.835045
2.0,200,7801.213824
1.0,155,7802.707422
3.0,235,7805.16535
1.0,177,7807.630202
1.0,178,7809.778749
0.0,125,7811.209342
4.0,277,7814.82714
1.0,157,7816.598638
3.0,271,7819.60655
0.0,129,7820.776401
1.0,171,7822.564465
5.0,329,7826.761313
1.0,175,7828.928954
4.0,322,7832.652622
3.0,230,7835.230943
2.0,223,7838.028569
3.0,251,7841.113327
0.0,129,7842.571214
0.0,127,7844.438793
2.0,223,7846.95445
1.0,155,7848.848279
0.0,129,7850.549221
0.0,125,7852.070349
0.0,127,7853.55214
1.0,174,7855.436122
2.0,202,7858.063847
3.0,271,7861.019043
0.0,123,7862.399055
1.0,176,7864.466955
4.0,301,7868.029902
0.0,127,7869.523417
1.0,174,7871.257393
9.0,420,7875.683307
1.0,173,7877.860586
0.0,129,7879.334194
1.0,153,7880.949187
0.0,127,7882.366545
3.0,253,7885.273782
5.0,372,7889.507085
0.0,125,7890.846031
2.0,202,7893.147571
0.0,129,7894.693945
4.0,301,7897.763968
1.0,177,7899.793247
0.0,125,7901.220559
3.0,265,7904.267231
0.0,129,7905.833563
0.0,129,7907.15646
0.0,129,7908.676899
2.0,200,7910.891202
3.0,250,7913.529582
3.0,215,7915.968734
2.0,199,7918.02548
1.0,153,7919.337183
4.0,299,7922.98594
1.0,173,7925.048597
2.0,207,7927.200319
0.0,125,7928.315023
0.0,127,7929.832224
2.0,199,7931.853143
3.0,253,7934.389121
4.0,302,7937.858296
1.0,153,7939.34634
0.0,127,7940.798622
3.0,248,7943.584026
0.0,127,7944.909629
0.0,129,7946.469255
1.0,155,7948.450053
0.0,129,7949.924364
1.0,172,7951.896209
2.0,205,7954.443459
1.0,175,7956.587287
1.0,174,7958.451838
1.0,155,7960.10763
0.0,125,7961.290598
1.0,157,7963.152218
3.0,230,7966.147357
0.0,129,7967.591852
2.0,200,7970.286436
0.0,125,7971.907167
8.0,374,7977.076008
4.0,277,7980.552669
0.0,127,7981.811821
1.0,155,7983.351423
4.0,280,7986.868247
0.0,129,7988.170225
1.0,170,7989.923079
3.0,252,7992.950985
6.0,396,7997.661205
1.0,175,8000.072406
1.0,159,8002.178941
1.0,173,8004.434634
0.0,127,8006.12429
3.0,211,8008.558337
2.0,206,8011.086136
1.0,175,8013.218154
1.0,154,8015.024447
0.0,127,8016.391896
2.0,222,8018.992399
0.0,125,8020.172073
3.0,214,8022.702649
2.0,200,8025.430995
3.0,245,8028.497519
1.0,173,8030.562923
3.0,228,8033.569586
1.0,155,8035.392116
0.0,125,8036.961701
1.0,173,8039.393763
1.0,157,8041.231109
0.0,129,8042.715468
0.0,127,8044.247355
0.0,129,8045.820676
7.0,266,8049.486989
3.0,248,8052.872626
1.0,155,8054.760073
0.0,129,8056.307843
2.0,202,8059.018728
2.0,201,8061.546676
0.0,129,8063.098611
2.0,203,8065.623231
0.0,129,8067.522764
0.0,129,8069.380212
4.0,299,8073.87757
2.0,220,8076.681924
0.0,129,8078.203712
2.0,202,8081.165671
2.0,203,8083.543973
0.0,129,8085.230501
0.0,127,8086.781354
0.0,125,8088.668473
1.0,173,8091.114696
1.0,155,8093.091259
7.0,452,8099.499598
4.0,301,8103.608543
4.0,302,8107.50555
4.0,301,8111.177691
2.0,219,8113.534407
0.0,125,8114.792757
0.0,127,8116.336413
1.0,175,8118.482661
7.0,446,8123.698907
2.0,224,8126.671494
0.0,129,8128.34459
0.0,125,8130.109629
1.0,155,8132.122329
2.0,221,8134.645438
1.0,176,8136.797068
0.0,129,8138.273739
0.0,125,8139.735393
0.0,127,8141.117657
1.0,173,8143.252338
1.0,157,8145.024942
3.0,231,8148.164235
1.0,155,8150.168283
7.0,429,8155.760795
3.0,276,8158.808384
1.0,176,8160.806535
0.0,129,8162.388505
0.0,127,8163.779281
0.0,123,8165.170015
0.0,129,8166.599344
0.0,129,8168.292699
0.0,129,8169.739365
1.0,153,8171.678246
2.0,224,8174.621753
4.0,293,8178.683236
0.0,123,8180.244387
0.0,129,8181.646193
9.0,405,8187.060459
0.0,129,8188.444376
0.0,129,8189.898791
0.0,127,8191.252236
3.0,231,8194.197054
0.0,123,8195.747573
2.0,222,8197.984128
0.0,129,8199.280517
4.0,277,8202.777536
3.0,273,8205.776115
0.0,127,8207.429882
0.0,127,8209.065927
2.0,200,8211.613645
0.0,129,8213.20076
1.0,153,8215.166756
2.0,204,8217.43569
1.0,155,8219.454529
2.0,200,8221.700842
2.0,206,8224.189733
2.0,184,8226.337947
0.0,127,8227.862721
1.0,174,8229.875347
0.0,127,8231.380815
0.0,125,8232.768241
0.0,129,8234.057344
0.0,127,8235.449715
4.0,299,8239.329636
0.0,129,8241.011661
2.0,192,8243.239069
0.0,127,8244.759098
4.0,279,8248.375188
2.0,224,8251.103498
9.0,403,8256.514742
2.0,204,8259.020445
0.0,125,8260.486837
0.0,129,8261.877179
1.0,176,8263.671686
0.0,129,8264.967122
1.0,155,8267.036696
0.0,125,8268.577312
1.0,177,8270.856887
0.0,129,8272.304938
1.0,172,8274.411879
0.0,129,8275.632582
2.0,185,8277.58029
2.0,204,8279.948006
3.0,270,8282.985728
1.0,175,8284.684122
3.0,235,8287.340775
2.0,202,8289.527902
2.0,192,8292.018758
0.0,127,8293.450383
2.0,224,8295.655099
3.0,248,8298.297186
3.0,236,8301.082227
1.0,174,8303.681992
0.0,129,8305.136479
1.0,176,8307.075532
2.0,190,8309.417399
0.0,127,8310.995737
2.0,198,8313.506935
1.0,173,8315.46507
2.0,204,8317.976607
0.0,129,8319.445771
4.0,321,8323.301463
0.0,127,8324.724797
1.0,173,8326.672447
2.0,188,8328.65508
1.0,170,8330.65538
2.0,202,8332.806219
0.0,127,8334.182428
0.0,129,8335.521505
1.0,176,8337.247061
2.0,192,8338.994651
5.0,328,8342.527106
3.0,215,8344.81544
0.0,129,8346.278154
1.0,172,8348.043754
2.0,202,8350.282002
1.0,174,8352.210342
1.0,155,8353.894733
0.0,129,8355.239069
2.0,201,8357.600349
1.0,157,8359.518075
3.0,252,8362.252333
0.0,129,8363.814934
3.0,230,8366.662508
3.0,250,8369.856822
1.0,173,8372.080554
0.0,127,8373.64745
3.0,272,8377.023114
0.0,129,8378.589998
2.0,187,8380.769903
0.0,127,8382.150365
1.0,173,8384.518736
2.0,225,8387.39857
0.0,123,8388.901155
1.0,157,8390.929406
0.0,127,8392.703133
0.0,127,8394.270245
3.0,250,8397.61031
4.0,299,8401.653627
0.0,125,8403.219955
2.0,202,8405.895765
1.0,173,8407.853114
1.0,157,8409.502803
0.0,129,8411.147552
3.0,248,8414.585618
0.0,129,8416.107436
6.0,357,8420.374356
1.0,153,8422.017889
2.0,202,8424.301979
2.0,224,8426.904281
1.0,173,8428.924028
1.0,173,8430.773463
1.0,173,8432.858422
1.0,173,8434.808314
0.0,129,8436.162518
1.0,155,8437.967341
1.0,156,8439.761582
4.0,278,8442.782403
0.0,127,8444.223575
1.0,171,8446.005399
0.0,127,8447.511722
0.0,129,8448.814309
0.0,125,8450.183491
0.0,125,8451.616121
2.0,220,8454.107764
2.0,201,8456.604486
1.0,155,8458.38157
0.0,129,8459.928024
0.0,127,8461.543211
2.0,200,8463.960888
0.0,129,8465.270989
0.0,127,8466.653748
3.0,252,8469.943032
0.0,129,8471.525129
4.0,296,8474.854646
1.0,157,8476.669608
2.0,203,8478.904206
2.0,183,8481.319172
1.0,152,8483.076058
0.0,129,8484.261257
2.0,202,8486.263283
0.0,127,8487.852429
2.0,201,8490.567885
2.0,217,8493.107742
0.0,129,8494.636945
0.0,129,8496.000569
0.0,125,8497.250878
4.0,297,8500.376812
3.0,251,8502.955779
0.0,125,8504.204855
1.0,155,8505.890002
0.0,125,8507.308415
1.0,155,8509.142355
6.0,354,8513.125319
1.0,153,8514.953398
3.0,228,8517.657976
0.0,127,8519.233181
0.0,127,8520.657951
0.0,129,8521.895936
2.0,203,8524.136765
2.0,201,8526.183663
3.0,270,8529.626881
5.0,313,8533.396777
3.0,272,8536.387259
2.0,181,8538.426325
3.0,270,8541.528853
1.0,176,8543.999918
1.0,153,8545.858577
10.0,451,8551.34478
0.0,127,8552.595522
4.0,303,8555.838653
0.0,129,8557.479275
2.0,200,8559.707967
0.0,129,8561.182776
0.0,127,8562.59487
0.0,129,8563.969815
1.0,177,8566.106318
4.0,279,8569.803067
0.0,129,8571.480037
2.0,190,8573.630789
1.0,155,8575.409139
0.0,127,8576.890474
1.0,157,8578.849344
0.0,127,8580.313391
1.0,155,8582.421054
3.0,215,8585.209268
0.0,129,8586.91773
1.0,174,8588.986628
2.0,222,8591.34651
0.0,127,8592.511807
0.0,125,8593.816165
1.0,175,8595.624709
3.0,251,8597.99199
2.0,201,8600.079973
0.0,129,8601.523201
4.0,278,8604.610928
2.0,202,8606.850342
2.0,224,8609.390544
0.0,123,8610.816606
3.0,230,8613.269518
0.0,127,8614.534183
0.0,129,8616.07573
1.0,173,8618.292841
1.0,171,8620.318365
1.0,153,8622.153133
0.0,129,8623.523396
1.0,175,8625.754004
2.0,201,8628.072649
0.0,127,8629.442705
0.0,127,8631.272951
1.0,176,8633.370955
0.0,127,8634.639041
0.0,129,8636.240424
0.0,127,8637.932368
1.0,157,8639.802687
4.0,319,8644.027167
0.0,127,8645.517087
1.0,178,8647.697179
1.0,155,8649.54236
1.0,173,8651.331219
4.0,299,8654.354464
3.0,248,8657.363467
0.0,127,8658.905234
0.0,129,8660.344435
2.0,222,8662.691897
2.0,224,8665.31816
0.0,125,8666.683711
0.0,127,8668.131998
5.0,350,8672.487035
2.0,186,8674.40872
2.0,227,8677.18447
1.0,171,8679.15863
1.0,175,8681.204502
0.0,125,8682.408427
0.0,127,8683.979617
0.0,129,8685.618908
0.0,129,8687.199781
4.0,298,8690.941358
7.0,410,8695.807786
1.0,153,8697.291168
2.0,202,8699.357757
0.0,125,8700.780425
0.0,127,8702.092853
1.0,173,8703.959672
0.0,127,8705.19161
0.0,129,8706.65222
2.0,204,8708.748688
0.0,129,8710.106485
0.0,127,8711.664335
6.0,379,8716.165005
2.0,222,8719.039901
1.0,175,8720.888223
1.0,176,8722.834948
1.0,171,8725.06762
2.0,205,8727.449569
0.0,129,8728.895531
0.0,129,8730.325831
2.0,206,8732.875641
2.0,184,8734.93131
2.0,204,8737.880606
1.0,155,8739.960237
2.0,221,8742.616377
0.0,127,8744.107369
0.0,127,8745.632198
2.0,199,8748.100785
2.0,221,8751.229546
0.0,127,8752.919484
0.0,127,8754.383013
0.0,127,8755.9207
0.0,129,8757.289344
0.0,127,8759.005739
2.0,220,8761.646467
0.0,129,8763.241767
1.0,157,8765.034173
4.0,299,8768.898015
0.0,129,8770.565882
0.0,129,8772.459092
1.0,155,8774.334139
0.0,129,8775.692897
1.0,172,8777.876617
0.0,127,8779.464293
1.0,171,8781.323872
1.0,175,8783.345505
0.0,129,8785.256172
0.0,129,8786.955327
0.0,127,8788.316232
1.0,155,8790.00477
0.0,127,8791.32515
0.0,127,8793.022887
2.0,219,8795.555821
0.0,129,8796.969539
4.0,279,8800.352694
6.0,398,8804.984525
3.0,253,8808.042048
2.0,202,8810.643417
0.0,127,8812.256007
1.0,157,8814.067303
1.0,169,8816.104891
1.0,173,8818.080972
5.0,330,8821.553707
1.0,171,8823.538947
1.0,173,8825.684256
0.0,129,8827.366225
3.0,272,8831.05468
0.0,129,8832.651857
3.0,230,8835.610763
2.0,205,8838.306892
4.0,300,8841.700499
0.0,127,8843.428584
0.0,127,8845.156399
1.0,155,8847.095086
0.0,129,8848.637539
1.0,173,8850.738432
0.0,129,8852.043628
0.0,125,8853.535853
0.0,127,8855.015858
1.0,157,8857.085098
0.0,127,8858.529083
0.0,125,8859.840369
1.0,157,8861.635973
1.0,174,8863.723941
2.0,204,8866.083889
1.0,175,8868.249961
1.0,175,8870.57024
0.0,127,8871.917287
0.0,129,8873.398201
2.0,183,8875.721527
